,Cloud,Area,GLON,GLAT,theta,WCO,Vcent,Rmax,Rmin,Rang,Rgal,INF,Dnear,Dfar,Rnear,Rfar,Mnear,Mfar,_RA.icrs,_DE.icrs,phyD,Md2
1388,1389,2.45312,110.7905,2.193397,-6.15954,1078.98,-9.75227,0.96845,0.574625,0.683831,9.07808,0,1.37304,1.37304,16.3881,16.3881,42221.3,42221.3,345.798165,62.485576,0.6461107146371932,22395.729956511415
588,589,1.17188,110.1134,-0.551946,-6.37401,1017.98,-48.5324,0.529225,0.471292,0.489862,11.4047,0,5.22344,5.22344,44.6599,44.6599,576506.0,576506.0,346.775133,59.697634,4.48454283189004,21129.567648758748
2869,2870,1.04688,92.28172,3.190489,-3.96415,814.672,-1.07689,1.43355,0.826497,0.993038,8.67503,0,1.43036,1.43036,24.7931,24.7931,34595.7,34595.7,316.767439,52.170964,0.6998145335766255,16909.525043542824
4360,4361,6.9375,91.78894,-0.015668,1.61532,755.735,-48.5589,1.9666,1.48787,1.63286,11.1901,0,7.01746,7.01746,200.043,200.043,772469.0,772469.0,319.915321,49.605253,6.278858770488292,15686.323532142373
732,733,1.0625,110.6318,-0.497935,16.6503,749.121,-51.7973,0.601385,0.387351,0.448526,11.6688,0,5.54223,5.54223,43.3868,43.3868,477610.0,477610.0,347.685521,59.94705,4.8044557420059935,15549.066523763873
2128,2129,1.875,108.6259,0.261604,10.4977,717.948,-53.4937,0.699646,0.557767,0.601536,11.7509,0,5.84113,5.84113,61.327,61.327,508439.0,508439.0,343.417338,59.821365,5.098556040860301,14902.018969449171
197,198,1.25,110.051,0.087927,7.15107,714.077,-53.0553,0.647319,0.45337,0.510514,11.753,0,5.7099,5.7099,50.8774,50.8774,483230.0,483230.0,346.154574,60.260611,4.970450732284295,14821.661269256101
1854,1855,1.8125,96.48035,1.699247,17.8431,710.599,-0.829187,1.079,0.569676,0.704842,8.66507,0,0.978549,0.978549,12.0386,12.0386,14123.5,14123.5,323.463605,54.094685,0.2390816601549216,14749.495963073294
4820,4821,1.54688,101.8742,3.25696,-12.3747,687.465,-2.85504,1.59437,0.925686,1.10962,8.75143,0,0.972234,0.972234,18.8311,18.8311,13487.9,13487.9,329.075054,58.772828,0.2244521652468503,14269.301946573834
628,629,1.29688,109.8302,1.737406,-19.4832,677.81,-10.8783,0.73203,0.475912,0.549365,9.12953,0,1.5232,1.5232,14.6053,14.6053,32642.0,32642.0,344.337874,61.672214,0.7899503596839735,14068.989268501517
1273,1274,2.23438,108.6465,-1.182739,-16.3562,618.536,-52.4385,0.908901,0.578198,0.67229,11.6678,0,5.72595,5.72595,67.1895,67.1895,420932.0,420932.0,344.662966,58.525492,4.984092751474133,12838.575520923147
1387,1388,1.5,110.469,1.36831,-2.61683,617.786,-10.1001,0.663594,0.50225,0.551122,9.09406,0,1.41969,1.41969,13.6562,13.6562,25845.0,25845.0,345.883219,61.60102,0.6903145860702866,12822.995503348187
2661,2662,3.21875,104.366,0.35718,26.9451,545.361,-56.0302,1.21996,0.636741,0.790844,11.8555,0,6.42061,6.42061,88.6281,88.6281,466646.0,466646.0,336.130214,57.832734,5.672048490223301,11319.701268420444
4830,4831,0.890625,94.98459,4.16913,7.17229,539.48,-3.07103,1.05369,0.927645,0.967888,8.75822,0,1.50192,1.50192,25.3742,25.3742,25259.4,25259.4,318.653356,54.812096,0.7624245244022787,11197.71550197786
3707,3708,3.4375,100.7876,1.106035,19.4181,522.129,-1.79258,1.25709,0.868692,0.982576,8.706,0,0.874099,0.874099,14.9916,14.9916,8280.4,8280.4,329.926368,56.406949,0.12423049345672076,10837.523941828578
3654,3655,1.35938,91.72072,1.771749,-1.08884,516.793,-2.50529,0.803871,0.590483,0.654436,8.73437,0,1.77152,1.77152,20.2353,20.2353,33663.5,33663.5,317.830747,50.796697,1.0390084024076665,10726.725032691302
2892,2893,2.3125,99.50352,0.80996,36.9636,477.076,-2.7151,1.3416,0.571774,0.759784,8.74472,0,1.0846,1.0846,14.3834,14.3834,11648.6,11648.6,328.444717,55.384183,0.33568891265326034,9902.26471695042
1814,1815,2.09375,102.7493,1.758276,1.47188,476.371,-19.7692,1.16333,0.552267,0.707945,9.54376,0,2.85332,2.85332,35.2574,35.2574,80500.7,80500.7,332.127677,58.09639,2.103749334479938,9887.777741702019
2273,2274,1.35938,92.82892,1.603445,3.29512,474.318,-7.22925,0.657161,0.535403,0.57325,8.93654,0,2.37206,2.37206,23.7336,23.7336,55395.5,55395.5,319.244004,51.481657,1.6335967712753858,9845.168341840972
1392,1393,1.23438,108.8248,1.215012,32.5744,457.437,-8.44326,0.723941,0.34788,0.444141,9.01071,0,1.31533,1.31533,10.1963,10.1963,16426.7,16426.7,342.9295,60.764821,0.5807158484015617,9494.691855002731
4831,4832,0.453125,93.33928,4.289406,19.7823,449.357,-2.82898,0.982351,0.599252,0.706581,8.74779,0,1.63524,1.63524,20.1671,20.1671,24940.6,24940.6,316.59221,53.690867,0.899880563112327,9327.041158473849
2304,2305,1.5625,97.73914,1.607076,26.617,447.138,-1.09688,0.886931,0.547534,0.643039,8.67629,0,0.93856,0.93856,10.534,10.534,8175.57,8175.57,325.182723,54.865604,0.19514681489993263,9280.982606458434
1825,1826,0.9375,108.8732,2.461686,2.51185,437.93,-11.1271,0.461921,0.437879,0.445751,9.13819,0,1.58972,1.58972,12.368,12.368,22971.9,22971.9,341.845962,61.899032,0.8527661294038222,9089.827486947472
2118,2119,1.28125,110.6575,1.211719,4.46519,428.848,-55.6207,0.663192,0.567391,0.597679,11.9779,0,5.95876,5.95876,62.1609,62.1609,316059.0,316059.0,346.377591,61.532984,5.2205088976260114,8901.360173464049
2846,2847,0.71875,93.9054,1.763471,-17.9223,396.221,-5.98781,0.754508,0.441504,0.527851,8.88281,0,2.06581,2.06581,19.0323,19.0323,35097.0,35097.0,320.284409,52.36014,1.3252323252486706,8224.116332461419
2909,2910,1.39062,93.20481,-0.131198,11.0858,395.423,1.03442,0.703659,0.530586,0.582941,8.58878,0,0.844987,0.844987,8.59739,8.59739,5860.21,5860.21,321.611974,50.51732,0.14692785578516995,8207.542198543506
3645,3646,2.29688,105.8318,0.669072,17.9754,390.118,-4.29007,0.878846,0.576395,0.663414,8.81677,0,0.977038,0.977038,11.3134,11.3134,7729.84,7729.84,338.208772,58.860467,0.23769735039758383,8097.437309282602
3401,3402,2.15625,99.07118,0.651097,30.9364,379.777,-41.9341,0.903393,0.509697,0.616832,10.789,0,5.4387,5.4387,58.5539,58.5539,233169.0,233169.0,328.027708,54.989913,4.6893271257942875,7882.80172150783
2863,2864,1.0,99.66967,1.747594,-42.0663,378.241,-2.8653,0.77506,0.340665,0.448053,8.75112,0,1.09676,1.09676,8.57682,8.57682,9443.67,9443.67,327.627952,56.218467,0.3476403174999425,7850.866579937841
4661,4662,1.01562,105.8562,3.554143,-0.554076,350.383,-9.15371,1.19943,1.01516,1.0732,9.03651,0,1.52788,1.52788,28.622,28.622,16977.6,16977.6,335.209416,61.328646,0.7839670802945076,7272.735701850445
2796,2797,2.5,106.3923,0.984471,12.0628,342.33,-12.6288,1.11177,0.596107,0.733761,9.20318,0,1.86793,1.86793,23.9231,23.9231,24792.5,24792.5,338.845014,59.414594,1.1231583209591531,7105.57335959393
3398,3399,2.01562,94.4183,-0.073729,14.319,340.231,-43.777,1.08552,0.503894,0.650787,10.8811,0,6.16996,6.16996,70.0837,70.0837,268838.0,268838.0,322.948174,51.39338,5.42608870371983,7061.971472194352
2919,2920,1.73438,107.1787,1.246904,-8.16841,332.658,1.34945,0.816481,0.465205,0.561149,8.5736,0,0.238947,0.238947,2.3403,2.3403,394.234,394.234,339.948203,60.029174,0.5129831384180419,6904.796952616778
3357,3358,1.75,105.638,0.288596,-28.0144,303.624,-52.7094,0.794053,0.470116,0.559869,11.624,0,5.96213,5.96213,58.2611,58.2611,224022.0,224022.0,338.257272,58.434227,5.21487644764699,6302.136240753227
3339,3340,1.79688,109.8166,2.047253,-32.4516,300.723,-60.766,0.956307,0.521386,0.638223,12.3888,0,6.5849,6.5849,73.3528,73.3528,270656.0,270656.0,344.031608,61.946545,5.844609267059856,6241.935707102366
3696,3697,1.14062,93.83348,0.554904,-5.5701,295.142,-0.593193,0.60001,0.531308,0.553287,8.65522,0,1.1597,1.1597,11.1992,11.1992,8239.01,8239.01,321.574065,51.447579,0.42682270510423176,6126.094835506077
3672,3673,0.640625,107.3885,4.358292,2.55987,274.598,-7.29762,0.936426,0.743158,0.802685,8.95361,0,1.25416,1.25416,17.5713,17.5713,8965.11,8965.11,337.054409,62.824454,0.517676424298755,5699.670267522551
3663,3664,0.265625,93.10062,3.165869,-23.609,271.094,-4.13615,0.803913,0.457318,0.551927,8.80304,0,1.87868,1.87868,18.0978,18.0978,19859.9,19859.9,317.706176,52.755811,1.1415893918140145,5626.928975081509
4748,4749,1.75,103.1752,1.735503,2.72118,269.964,-5.34472,0.966561,0.698302,0.778225,8.86074,0,1.22801,1.22801,16.6806,16.6806,8450.07,8450.07,332.812636,58.323405,0.4792658947191397,5603.4628871335135
4543,4544,2.625,95.0714,-0.693373,9.19804,266.394,-18.0151,1.45915,0.690151,0.885788,9.4368,0,3.41634,3.41634,52.8206,52.8206,64535.6,64535.6,324.390424,51.375353,2.6723117026394365,5529.389459834122
3740,3741,1.6875,94.61055,0.050557,3.33428,259.414,0.715159,0.682036,0.571278,0.606039,8.60168,0,0.801921,0.801921,8.48254,8.48254,3462.65,3462.65,323.038647,51.615271,0.10397193076036929,5384.500514241974
4301,4302,2.03125,102.8964,-0.46666,15.8778,251.656,-42.6452,0.999417,0.738409,0.816796,10.8708,0,5.14039,5.14039,73.2852,73.2852,138023.0,138023.0,334.676518,56.3445,4.391197588860334,5223.472621049429
4288,4289,1.4375,107.2989,-0.070895,26.4696,249.334,-52.0199,0.771335,0.452817,0.540791,11.6057,0,5.76887,5.76887,54.4516,54.4516,172233.0,172233.0,341.386978,58.925875,5.024049958457615,5175.292036286452
1752,1753,0.515625,110.4022,-1.108914,12.1122,247.178,-42.3824,0.386471,0.309963,0.333615,10.9656,0,4.57253,4.57253,26.6246,26.6246,107269.0,107269.0,347.722409,59.294629,3.8349313168882526,5130.516692250418
4645,4646,1.65625,107.472,1.559164,3.02408,243.819,-12.8475,0.812976,0.697558,0.734085,9.21719,0,1.83264,1.83264,23.4814,23.4814,16997.0,16997.0,340.162227,60.444134,1.0903267780719317,5060.785748196207
3724,3725,2.875,96.31863,-1.448797,-28.6068,241.183,2.63509,1.87759,0.794201,1.058,8.52398,0,0.197455,0.197455,3.64655,3.64655,195.18,195.18,326.699257,51.620061,0.5537998960787565,5006.094489785986
4832,4833,0.640625,96.64648,4.428031,10.2863,240.668,-3.628,1.01117,0.819132,0.878706,8.78211,0,1.43779,1.43779,22.0521,22.0521,10326.6,10326.6,320.368447,56.179527,0.6949742830229835,4995.355923787547
1389,1390,0.65625,109.6318,2.552612,-24.2046,240.626,-11.3044,0.462494,0.299032,0.345817,9.14924,0,1.57455,1.57455,9.50357,9.50357,12382.5,12382.5,343.205477,62.321229,0.8403748102669728,4994.539177783957
3387,3388,1.85938,95.80795,-0.963229,32.9437,237.161,-44.861,1.14186,0.620488,0.760374,10.9574,0,6.10886,6.10886,81.0756,81.0756,183703.0,183703.0,325.565643,51.658917,5.363229737238018,4922.615378531727
4285,4286,2.45312,98.52797,-0.412017,-1.75435,236.896,-53.5801,1.12698,0.620232,0.756848,11.5833,0,6.70918,6.70918,88.63,88.63,221334.0,221334.0,328.441258,53.820573,5.960432421135497,4917.102317525134
745,746,0.265625,110.4076,-0.732235,-27.1405,233.18,-44.7335,0.442113,0.125,0.190452,11.1322,0,4.8121,4.8121,15.9955,15.9955,112076.0,112076.0,347.450457,59.645103,4.074174738199307,4839.977413306305
4439,4440,1.96875,91.54677,1.403769,24.9041,230.688,-33.9087,1.15772,0.533323,0.69055,10.2735,0,5.54689,5.54689,66.8564,66.8564,147325.0,147325.0,318.065483,50.417945,4.809042155119284,4788.2557930604125
3653,3654,0.625,94.43795,1.564809,-48.7471,221.983,-6.50311,0.949109,0.302217,0.442573,8.90539,0,2.07957,2.07957,16.0636,16.0636,19925.9,19925.9,321.135247,52.593114,1.3376139040028954,4607.5585125577145
3561,3562,0.65625,108.0518,2.6734,7.82409,221.312,-11.3032,0.508046,0.340463,0.389058,9.14399,0,1.64572,1.64572,11.1752,11.1752,12441.4,12441.4,340.102916,61.699681,0.9060250903550751,4593.644254633435
795,796,0.265625,109.9362,2.135012,19.4708,220.151,-10.9306,0.407486,0.273273,0.312202,9.13229,0,1.52418,1.52418,8.30524,8.30524,10615.6,10615.6,344.181626,62.077046,0.7914381116189918,4569.535215272418
3635,3636,1.5625,107.2791,-0.325781,5.83466,215.53,-4.99916,0.80241,0.480344,0.569946,8.84995,0,1.00316,1.00316,9.97915,9.97915,4501.9,4501.9,341.581147,58.690829,0.2706511371149822,4473.582288533169
4889,4890,0.828125,99.94665,4.349693,-7.94913,213.431,-2.05485,1.20162,0.723129,0.85651,8.71664,0,0.960544,0.960544,14.3602,14.3602,4087.38,4087.38,324.898634,58.380798,0.21617206525763508,4430.068978446722
3388,3389,0.796875,95.04311,-0.844285,-20.0742,212.806,-45.5503,0.618993,0.373966,0.442367,10.9991,0,6.27402,6.27402,48.4412,48.4412,173871.0,173871.0,324.517353,51.243903,5.529441100384672,4417.080908199563
2845,2846,0.546875,109.5309,1.506926,-0.266378,209.268,-6.3041,0.401868,0.333117,0.354617,8.91262,0,1.06509,1.06509,6.59215,6.59215,4927.47,4927.47,343.977568,61.335939,0.34105228822454203,4343.61550285421
4328,4329,1.8125,103.3247,0.647931,5.54595,208.032,-44.6574,0.863029,0.553073,0.6415,11.0101,0,5.30837,5.30837,59.4365,59.4365,121676.0,121676.0,334.200736,57.509986,4.559046033118468,4317.999144686751
3590,3591,1.54688,110.5331,3.679543,-10.2219,208.001,-8.92412,1.24517,0.452858,0.634432,9.03707,0,1.29999,1.29999,14.3953,14.3953,7296.26,7296.26,343.906979,63.727891,0.57463258330317,4317.380030443227
4637,4638,1.5625,108.578,-0.104401,28.3591,207.807,-9.15875,0.903785,0.53919,0.640496,9.04388,0,1.39989,1.39989,15.6497,15.6497,8452.82,8452.82,343.647752,59.471083,0.6637345546817861,4313.341049414179
4825,4826,1.01562,100.1055,3.084818,-24.4631,197.737,-2.60209,0.872931,0.503743,0.605061,8.73997,0,1.03227,1.03227,10.9015,10.9015,4373.47,4373.47,326.681628,57.52629,0.28410129992875915,4104.304179214021
4469,4470,1.28125,106.0523,1.337131,12.5443,196.991,-24.581,0.765734,0.359372,0.46244,9.81527,0,3.09232,3.09232,24.959,24.959,39099.2,39099.2,337.916868,59.547908,2.345927288298757,4088.829608915148
3745,3746,1.15625,94.91977,1.200183,3.23696,187.562,1.20391,0.635452,0.542273,0.571706,8.58182,0,0.660097,0.660097,6.58677,6.58677,1696.34,1696.34,322.1235,52.664958,0.1180774621615218,3893.1163653586946
4682,4683,1.8125,102.233,-0.228862,20.1214,187.423,-4.51581,0.917853,0.628896,0.713363,8.82367,0,1.174,1.174,14.6177,14.6177,5361.86,5361.86,333.446386,56.171943,0.42507497968982066,3890.2658103311674
3552,3553,1.0625,108.945,0.536349,33.8889,186.668,-8.90503,0.725986,0.375494,0.467784,9.03281,0,1.35835,1.35835,11.0903,11.0903,7148.96,7148.96,343.75292,60.207599,0.6237333431275135,3874.5341483773245
2114,2115,0.359375,109.3804,0.089313,-22.8453,185.373,-54.849,0.369519,0.244346,0.280467,11.8789,0,5.9437,5.9437,29.0951,29.0951,135929.0,135929.0,344.924588,59.987948,5.202696684398827,3847.6748101491044
2824,2825,0.328125,93.41053,1.515844,-1.00107,183.363,-7.63051,0.473261,0.257093,0.315085,8.95433,0,2.35622,2.35622,12.9576,12.9576,21129.8,21129.8,320.001628,51.834938,1.6162340298122961,3805.9555363549166
4658,4659,0.421875,92.59103,3.857105,-29.6144,181.637,-14.8755,0.963589,0.501168,0.623189,9.28234,0,3.37298,3.37298,36.6883,36.6883,42892.7,42892.7,316.294669,52.846905,2.634669284497356,3770.125895898501
2918,2919,0.6875,107.9749,1.144258,-26.7208,176.824,2.56013,0.525617,0.247173,0.317852,8.52237,0,0.0716049,0.0716049,0.397236,0.397236,18.8182,18.8182,341.45539,60.315954,0.678954557231815,3670.224202771316
4223,4224,1.54688,95.91183,1.047829,-9.75752,176.464,-68.5808,0.96589,0.522876,0.641567,12.7633,0,8.68732,8.68732,97.2799,97.2799,276426.0,276426.0,323.499395,53.230439,7.940761719816184,3662.7497807362015
4699,4700,1.17188,95.12066,1.231289,28.8047,174.181,-7.90283,0.830498,0.488741,0.58322,8.96713,0,2.19734,2.19734,22.3678,22.3678,17456.1,17456.1,322.328847,52.825749,1.453637589824098,3615.3695670462394
4246,4247,1.25,98.08213,1.253361,-28.144,171.091,-61.0811,0.716485,0.390474,0.47804,12.1551,0,7.5774,7.5774,63.2225,63.2225,203901.0,203901.0,326.034931,54.822102,6.828598009618869,3551.2310433038097
4592,4593,1.23438,93.64491,1.021592,-19.9499,167.806,-13.457,0.713651,0.499778,0.562791,9.21803,0,3.06763,3.06763,30.1329,30.1329,32776.6,32776.6,320.833054,51.650113,2.326141113351431,3483.0358813009448
3540,3541,0.703125,98.85233,-1.887759,-10.6316,160.867,-10.8689,0.388964,0.319145,0.340902,9.10385,0,2.20614,2.20614,13.1264,13.1264,16251.2,16251.2,330.383692,52.852076,1.4587815113215137,3339.0221277681017
3389,3390,1.14062,94.27865,-0.696221,-16.2909,160.297,-46.2423,0.69575,0.507417,0.563717,11.0416,0,6.44233,6.44233,63.3863,63.3863,138090.0,138090.0,323.457415,50.841277,5.698933772816252,3327.179987625186
4321,4322,1.46875,101.8162,-0.18153,-6.68815,157.026,-43.6185,0.727999,0.576635,0.623224,10.9234,0,5.33761,5.33761,58.0611,58.0611,92857.8,92857.8,332.78405,55.973694,4.587947655437968,3259.3028285954633
3668,3669,0.09375,91.80024,4.168237,-18.036,154.172,-4.37369,0.380037,0.274377,0.305849,8.81274,0,2.08065,2.08065,11.1068,11.1068,13853.4,13853.4,315.049683,52.461253,1.3476010971982149,3200.0614094681155
4821,4822,0.234375,94.17847,2.460441,-24.3333,151.14,-2.60275,0.716702,0.329505,0.426928,8.73863,0,1.50273,1.50273,11.1975,11.1975,7084.24,7084.24,319.7855,53.044862,0.7640484614727181,3137.1215970961034
4924,4925,0.90625,91.33766,0.006679,-24.1332,144.005,0.621881,0.622999,0.399635,0.463381,8.60555,0,1.15984,1.15984,9.38045,9.38045,4020.94,4020.94,319.403826,49.299329,0.4403112367013143,2989.0379417097142
4255,4256,1.25,99.32492,0.360636,12.0021,143.899,-62.9565,0.640372,0.499319,0.542495,12.3267,0,7.65589,7.65589,72.4907,72.4907,175066.0,175066.0,328.688624,54.921188,6.906419755809115,2986.82954867227
3771,3772,0.671875,92.11762,-0.330842,11.8467,143.203,2.2044,0.511316,0.393547,0.429432,8.54173,0,0.585797,0.585797,4.39063,4.39063,1020.0,1020.0,320.617921,49.614704,0.19549013030251589,2972.3906417158864
3700,3701,0.78125,98.84168,0.504812,-7.6689,142.459,-1.24708,0.465521,0.405165,0.42436,8.68271,0,0.894974,0.894974,6.62872,6.62872,2368.44,2368.44,327.87722,54.731917,0.1491077364265266,2956.9334461267695
4434,4435,1.32812,100.297,-0.068043,22.5355,141.643,-35.9376,0.859148,0.447244,0.555971,10.4259,0,4.70619,4.70619,45.6681,45.6681,65115.6,65115.6,330.489639,55.174527,3.956533794934374,2939.991895994395
4262,4263,0.796875,96.36629,-0.209088,-13.0059,137.466,-56.555,0.714411,0.228766,0.334383,11.785,0,7.27493,7.27493,42.4576,42.4576,151010.0,151010.0,325.448915,52.594491,6.528128850520868,2853.3041617611043
4594,4595,1.07812,94.61542,0.967965,35.7719,136.43,-11.5797,0.782285,0.371052,0.475786,9.13213,0,2.72428,2.72428,22.6231,22.6231,21016.8,21016.8,322.024676,52.28694,1.9810188258060677,2831.803454759642
4872,4873,1.60938,104.6404,1.1067,-18.8443,130.684,-2.2328,0.904567,0.563123,0.659502,8.7261,0,0.769017,0.769017,8.85215,8.85215,1604.16,1604.16,335.810201,58.612904,0.04996192321737597,2712.5378190348374
4822,4823,0.296875,103.0775,2.755371,5.97069,128.292,-3.25308,0.719098,0.547216,0.599379,8.76922,0,0.967148,0.967148,10.1179,10.1179,2490.8,2490.8,331.519206,59.097013,0.22012320286555828,2662.888492724266
4289,4290,0.796875,107.4692,0.706656,13.1624,127.568,-53.2113,0.593986,0.469727,0.507952,11.701,0,5.88527,5.88527,52.1769,52.1769,91712.2,91712.2,340.969854,59.692861,5.140517501662797,2647.855785479713
4263,4264,1.21875,106.2858,-0.303907,-2.79039,125.945,-56.8281,0.703145,0.502274,0.561878,11.9603,0,6.36179,6.36179,62.3897,62.3897,105802.0,105802.0,339.888299,58.239974,5.615512301356443,2614.178382954225
4961,4962,1.0625,91.84894,-1.317689,16.2176,121.188,2.66992,0.618702,0.462906,0.509905,8.52317,0,0.411211,0.411211,3.65968,3.65968,425.345,425.345,321.381133,48.721929,0.35146126456306864,2515.427964277097
5786,5787,1.84375,101.022,0.37612,-1.78051,120.884,-66.3581,1.2004,0.603626,0.75908,12.6472,0,7.88002,7.88002,104.404,104.404,155803.0,155803.0,331.05011,55.963506,7.130123170496032,2509.1185215548962
4364,4365,1.48438,97.68626,0.535765,-21.7251,120.135,-41.154,0.925496,0.477733,0.595546,10.73,0,5.50985,5.50985,57.2728,57.2728,75700.8,75700.8,326.315316,54.018979,4.761513204347718,2493.5662863088733
4240,4241,0.859375,97.31077,1.718254,-6.30234,119.866,-66.8203,0.611267,0.381119,0.446119,12.6243,0,8.31854,8.31854,64.7715,64.7715,172164.0,172164.0,324.498805,54.665541,7.5704206808948875,2487.987108950663
2910,2911,0.453125,92.54101,-0.219017,32.6792,118.567,2.02959,0.58383,0.319113,0.390294,8.54871,0,0.609267,0.609267,4.15034,4.15034,913.547,913.547,320.963485,49.991556,0.1744313153973672,2461.022498519777
4603,4604,0.5625,107.1377,2.542207,-12.4551,118.556,-10.7786,0.692758,0.347592,0.437428,9.1163,0,1.63582,1.63582,12.489,12.489,6584.84,6584.84,338.576064,61.136172,0.8936551744725025,2460.787995187781
6343,6344,1.65625,97.98326,0.138816,23.7207,111.344,-11.7091,0.980961,0.591859,0.700427,9.14162,0,2.385,2.385,29.1575,29.1575,13146.1,13146.1,327.135447,53.905091,1.636890025437473,2311.107595075793
2812,2813,0.234375,109.2866,1.195476,-21.9243,111.275,-11.7748,0.312408,0.20086,0.232721,9.17135,0,1.63648,1.63648,6.64701,6.64701,6185.4,6185.4,343.799249,60.949618,0.9002796833346639,2309.6511342333397
4674,4675,1.32812,105.7969,-1.405303,20.1688,107.403,-9.524,0.77307,0.493347,0.573026,9.0543,0,1.57042,1.57042,15.7066,15.7066,5497.95,5497.95,340.082848,57.039476,0.8266624750630035,2229.303258393337
2680,2681,0.15625,108.9699,-0.429914,-1.31909,107.22,-49.401,0.246736,0.146467,0.174276,11.4439,0,5.38244,5.38244,16.3718,16.3718,64474.5,64474.5,344.617399,59.344491,4.640902061230587,2225.5101959382214
6275,6276,1.71875,98.73312,1.518537,4.47476,103.211,-16.7208,1.40962,0.547088,0.750019,9.38006,0,2.88191,2.88191,37.7272,37.7272,17792.5,17792.5,326.60401,55.445023,2.1328261592821836,2142.279571977578
3657,3658,0.59375,99.13821,2.062563,-20.815,99.577,-1.99375,0.635442,0.42559,0.486429,8.71405,0,0.997417,0.997417,8.46807,8.46807,2056.2,2056.2,326.532349,56.121984,0.24957246824067958,2066.8636276155603
4513,4514,0.546875,104.8574,2.039958,31.4386,98.6057,-22.1644,0.781068,0.398064,0.498347,9.67771,0,2.93687,2.93687,25.5449,25.5449,17653.2,17653.2,335.18439,59.515425,2.189057509649582,2046.6990857220364
4935,4936,0.515625,108.8556,1.609373,-7.65006,97.6382,2.0446,0.437096,0.313565,0.350276,8.54358,0,0.132064,0.132064,0.807381,0.807381,35.3462,35.3462,342.623844,61.13148,0.6193808355031585,2026.6270551086134
4229,4230,1.03125,104.571,0.316338,30.6157,96.4987,-68.0417,0.808735,0.412199,0.516028,12.8846,0,7.77807,7.77807,70.0542,70.0542,121176.0,121176.0,336.497776,57.90674,7.029657162599948,2002.9629582009177
4238,4239,0.515625,96.65462,1.333523,27.4178,94.5687,-68.0819,0.482448,0.238173,0.301355,12.7273,0,8.5412,8.5412,44.9241,44.9241,143198.0,143198.0,324.101739,53.941269,7.793736405604985,1962.9044952103573
4913,4914,0.75,94.30632,-0.734175,8.64639,94.398,2.09153,0.523816,0.415221,0.448655,8.54608,0,0.453917,0.453917,3.55447,3.55447,403.708,403.708,323.530314,50.831978,0.3048634125606037,1959.3609995552629
4269,4270,0.859375,108.1417,-2.823931,-4.7844,91.1584,-56.0311,1.17335,0.322101,0.495606,11.9362,0,6.14876,6.14876,53.1878,53.1878,71535.8,71535.8,345.088406,56.823645,5.407262207746947,1892.1185982824893
4310,4311,0.84375,104.9567,1.107923,26.1224,91.1375,-49.4147,0.699875,0.353733,0.444076,11.3664,0,5.66594,5.66594,43.9152,43.9152,60728.6,60728.6,336.323911,58.782537,4.917842088650864,1891.6872071478874
4386,4387,0.75,96.24058,0.044376,-25.1018,85.4248,-36.7145,0.503894,0.318732,0.371304,10.45,0,5.22477,5.22477,33.8595,33.8595,48402.7,48402.7,325.018113,52.702815,4.478190587432263,1773.1081823847962
4817,4818,0.09375,93.30003,2.397509,-11.9526,82.4531,-3.67319,0.361009,0.292224,0.313557,8.78357,0,1.77951,1.77951,9.73867,9.73867,5419.54,5419.54,318.849323,52.372151,1.0418444097764223,1711.439535478177
4398,4399,0.453125,109.8222,-1.306647,12.5911,81.7191,-35.5689,0.389161,0.301725,0.328435,10.5017,0,3.92634,3.92634,22.5071,22.5071,26148.8,26148.8,346.828229,58.88917,3.187832502383822,1696.1956864382573
4635,4636,0.578125,93.74636,-0.603392,-1.80153,79.6855,-11.0172,0.67403,0.234293,0.333221,9.10595,0,2.75788,2.75788,16.0395,16.0395,12580.1,12580.1,322.741313,50.547768,2.0170125810746105,1653.9918400030883
4274,4275,0.765625,101.9563,-0.193257,-5.57671,79.4525,-56.2868,0.623221,0.326733,0.405206,11.8325,0,6.65695,6.65695,47.08,47.08,73082.0,73082.0,333.00165,56.044164,5.907307745026928,1649.1487653539773
4706,4707,0.171875,93.18969,3.020402,12.1168,79.1548,-13.0831,0.498731,0.328477,0.377536,9.19963,0,3.08193,3.08193,20.3079,20.3079,15605.5,15605.5,317.981984,52.721376,2.3419242192676375,1642.9795101687816
4948,4949,0.1875,93.40006,-4.363381,9.8943,78.4382,1.25355,0.420786,0.353738,0.374807,8.58005,0,0.771452,0.771452,5.04662,5.04662,968.941,968.941,326.169294,47.512602,0.1288609343728145,1628.0941452627123
4318,4319,0.546875,94.25607,-1.595349,-12.8208,78.1892,-43.2575,0.454582,0.291117,0.33774,10.846,0,6.13799,6.13799,36.1819,36.1819,61143.5,61143.5,324.379924,50.159623,5.395239749247371,1622.9231007634005
4887,4888,0.859375,110.609,4.259789,-10.1752,74.9306,-0.252146,0.926326,0.430776,0.556018,8.64186,0,0.383064,0.383064,3.7175,3.7175,228.22,228.22,343.487021,64.283359,0.37841926404390264,1555.2887207308816
3488,3489,0.546875,104.4686,1.228475,16.2683,73.1862,-22.1806,0.368603,0.275699,0.303723,9.67696,0,2.96653,2.96653,15.7256,15.7256,13368.4,13368.4,335.40633,58.622937,2.2182046506703963,1519.0845350786376
4295,4296,0.484375,94.93091,0.268234,-23.0073,73.1654,-51.2573,0.432069,0.255707,0.304565,11.3881,0,6.88347,6.88347,36.5905,36.5905,71957.0,71957.0,323.179737,51.992632,6.138560463536046,1518.651770050343
5835,5836,0.71875,100.1279,1.67117,-14.2837,69.9742,-62.8364,0.548736,0.425411,0.463085,12.3272,0,7.56081,7.56081,61.1105,61.1105,83028.5,83028.5,328.357428,56.446704,6.8109647061290755,1452.4143892521708
4245,4246,0.625,106.511,0.950881,-1.90714,69.369,-62.3234,0.482413,0.308238,0.357874,12.4258,0,6.96533,6.96533,43.5066,43.5066,69855.5,69855.5,339.080369,59.444351,6.219007015881044,1439.849869743222
5785,5786,0.765625,94.2923,1.080186,-19.7501,68.2633,-70.2165,0.904163,0.330759,0.462476,12.8935,0,9.08124,9.08124,73.303,73.303,116850.0,116850.0,321.517478,52.144119,8.337101162035172,1416.8974213366007
4317,4318,0.515625,94.85329,-1.983396,7.8657,67.9843,-43.232,0.545557,0.362593,0.415489,10.8461,0,6.05985,6.05985,43.9447,43.9447,51818.5,51818.5,325.480676,50.262984,5.316396720837888,1411.1107126623106
3502,3503,0.421875,103.8949,1.695382,-8.31985,66.9582,-19.7828,0.294242,0.243454,0.259326,9.54927,0,2.76679,2.76679,12.5228,12.5228,10639.2,10639.2,333.991646,58.697392,2.0179914148461595,1389.8136677919429
4891,4892,0.203125,93.82475,-4.755184,-8.75101,66.8763,1.64022,0.573983,0.441513,0.481869,8.5645,0,0.627667,0.627667,5.27893,5.27893,546.869,546.869,327.022217,47.486312,0.16684558247714878,1388.1126552177454
5988,5989,0.921875,101.2371,0.739109,-0.379194,66.6913,-45.6665,0.608735,0.445755,0.494546,11.054,0,5.60254,5.60254,48.3593,48.3593,43450.1,43450.1,330.973816,56.383293,4.852578001963689,1384.2701324144095
4683,4684,0.640625,92.96288,-0.622692,-12.8463,64.1559,-9.89815,0.420338,0.315289,0.347008,9.05501,0,2.71299,2.71299,16.4312,16.4312,9801.34,9801.34,321.871706,49.995287,1.9741039707050996,1331.6468583335113
4303,4304,0.53125,93.34977,-0.329665,-4.77309,63.6626,-46.9765,0.438684,0.310955,0.348751,11.0874,0,6.63971,6.63971,40.4154,40.4154,58255.2,58255.2,321.992394,50.474431,5.89786970272691,1321.4066104026274
4850,4851,0.65625,93.3269,-1.127293,-20.5922,60.1253,-0.955816,0.495587,0.342664,0.387512,8.67014,0,1.28589,1.28589,8.69707,8.69707,2063.56,2063.56,322.82123,49.878617,0.5539345194377909,1247.9852804668337
4884,4885,0.078125,93.93056,3.214707,11.2371,59.9752,-2.48066,0.363605,0.222221,0.261858,8.73342,0,1.50829,1.50829,6.89338,6.89338,2832.01,2832.01,318.593291,53.392226,0.7708741405563151,1244.873090425935
4934,4935,0.46875,95.60181,1.384212,46.7089,58.386,-0.0553416,0.689067,0.272338,0.371101,8.63315,0,0.893821,0.893821,5.78931,5.78931,968.192,968.192,322.737345,53.266729,0.16426014655246646,1211.8821305218014
4339,4340,0.40625,107.1273,-1.10246,-13.2152,55.8143,-41.3635,0.512422,0.193803,0.267989,10.8406,0,4.6764,4.6764,21.873,21.873,25335.0,25335.0,342.003583,57.931203,3.9320040860161853,1158.5041795703044
4266,4267,0.609375,98.86835,1.095091,-25.6501,55.4972,-58.8115,0.501777,0.302642,0.358198,11.9843,0,7.24025,7.24025,45.2646,45.2646,60385.1,60385.1,327.262729,55.205971,6.490921163285516,1151.9209192003723
4358,4359,0.453125,95.31454,-1.253579,25.7276,53.5007,-39.8257,0.562045,0.28006,0.353258,10.6347,0,5.65346,5.65346,34.8569,34.8569,35492.8,35492.8,325.273819,51.116237,4.908785748842677,1110.4822326390222
4826,4827,0.109375,93.91862,2.918428,-42.5825,53.2791,-4.63135,0.519105,0.195845,0.271036,8.82433,0,1.86205,1.86205,8.80846,8.80846,3834.36,3834.36,318.937262,53.178597,1.1225142677233657,1105.8856136045672
4605,4606,0.109375,92.77425,2.756852,33.8126,52.9422,-14.1359,0.511067,0.271233,0.335007,9.24851,0,3.26037,3.26037,19.0636,19.0636,11681.2,11681.2,317.831741,52.238429,2.5210681473821266,1098.888638131988
5758,5759,0.484375,93.36504,1.467554,8.49209,52.1779,-72.2166,0.402303,0.335949,0.356752,13.0676,0,9.44208,9.44208,58.7918,58.7918,96554.8,96554.8,320.005236,51.768644,8.699600291518815,1083.0250880447281
6297,6298,0.390625,94.63343,-2.221894,49.4506,51.8872,-16.1132,0.803094,0.264486,0.382993,9.3438,0,3.25639,3.25639,21.7676,21.7676,11420.5,11420.5,325.465669,49.938852,2.514489527580401,1076.99154370705
4327,4328,0.4375,94.02875,0.603615,8.62266,48.6307,-44.7173,0.478443,0.263634,0.321572,10.9405,0,6.31696,6.31696,35.4542,35.4542,40279.0,40279.0,321.745854,51.618106,5.573590063920806,1009.3979679264164
6089,6090,0.484375,108.8985,1.483905,-11.0238,48.2722,-34.8332,0.391986,0.322909,0.344464,10.4425,0,3.90963,3.90963,23.5051,23.5051,15315.1,15315.1,342.819179,61.038415,3.1680776613893684,1001.9556989718586
6110,6111,0.828125,96.89659,-1.536338,-12.2389,47.0422,-32.7369,0.634904,0.481814,0.52823,10.2193,0,4.74526,4.74526,43.7495,43.7495,21986.7,21986.7,327.508617,51.921123,3.9987871270358233,976.4275498986511
4644,4645,0.375,106.6093,1.643965,7.27201,46.1613,-11.0134,0.475965,0.338048,0.378887,9.12631,0,1.6872,1.6872,11.1573,11.1573,2727.48,2727.48,338.563663,60.094237,0.9433128018773697,958.1388306027072
4829,4830,0.40625,110.7839,3.879416,-6.24292,46.1164,-1.73811,0.765204,0.233694,0.347022,8.70726,0,0.54369,0.54369,3.293,3.293,282.951,282.951,344.225159,64.015891,0.23423109532367573,957.2129000147238
4277,4278,0.375,106.4768,0.704803,14.7548,40.9905,-55.5308,0.42103,0.218957,0.272276,11.8606,0,6.20571,6.20571,29.4905,29.4905,32765.6,32765.6,339.260242,59.213472,5.459423139684559,850.8150663367219
6232,6233,0.4375,96.08918,1.955587,17.0801,40.493,-20.1177,0.676493,0.359971,0.444221,9.54181,0,3.52861,3.52861,27.3583,27.3583,10465.0,10465.0,322.678291,54.016776,2.782396275249336,840.4887631326619
6103,6104,0.53125,108.3238,-2.167317,17.996,39.4419,-33.3982,0.590018,0.298466,0.374586,10.3455,0,3.80512,3.80512,24.8773,24.8773,11853.5,11853.5,344.88917,57.496376,3.0640777023556223,818.6719098097348
6524,6525,0.125,92.28815,-2.898418,15.24,38.8771,0.613571,0.418222,0.257911,0.303005,8.60591,0,1.05008,1.05008,5.55334,5.55334,889.801,889.801,323.49203,47.873641,0.3361840199450836,806.9527680457785
4711,4712,0.109375,92.09927,4.011739,-1.8424,38.7349,-11.913,0.427938,0.356141,0.378624,9.14473,0,3.08339,3.08339,20.3761,20.3761,7643.82,7643.82,315.565938,52.58285,2.346811911021694,803.9953415505082
4606,4607,0.09375,92.27218,2.774849,31.9497,38.003,-13.7143,0.349106,0.193604,0.235647,9.22859,0,3.2766,3.2766,13.4762,13.4762,8468.71,8468.71,317.255189,51.883241,2.5385622837572113,788.8063669883724
4651,4652,0.1875,107.9678,2.079661,21.7716,37.5648,-12.0965,0.249955,0.167002,0.19103,9.18222,0,1.73089,1.73089,5.771,5.771,2336.0,2336.0,340.54351,61.138303,0.9903069997671025,779.711430055419
4936,4937,0.140625,99.19945,1.605523,6.54911,37.4629,-0.518616,0.229511,0.171574,0.189047,8.65237,0,0.753306,0.753306,2.48554,2.48554,441.262,441.262,327.139582,55.810325,0.026259337045019975,777.5953877997459
5955,5956,0.453125,101.9435,-1.751236,10.5741,36.4658,-51.2734,0.377589,0.30928,0.330553,11.4543,0,6.12073,6.12073,35.3123,35.3123,28355.9,28355.9,334.523064,54.747552,5.371998228080887,756.8973623215852
6175,6176,0.421875,101.3963,0.706129,0.701217,34.4115,-29.8067,0.491666,0.23313,0.298966,10.0758,0,3.98573,3.98573,20.7975,20.7975,11346.7,11346.7,331.240946,56.45108,3.235782760640344,714.2558752955318
4273,4274,0.265625,95.65479,-0.458703,-5.1307,33.0376,-57.4652,0.254614,0.218698,0.230068,11.8485,0,7.45952,7.45952,29.9535,29.9535,38157.8,38157.8,324.842444,51.938156,6.7137394571363895,685.7432825129339
6115,6116,0.453125,93.52618,0.198443,-9.96974,33.0066,-34.5916,0.620299,0.244581,0.333541,10.3165,0,5.34696,5.34696,31.1271,31.1271,19587.0,19587.0,321.616049,50.977683,4.60482998029441,685.1001347108208
6286,6287,0.15625,97.29339,2.575691,-1.95272,32.6104,-18.0051,0.552526,0.367353,0.420895,9.43919,0,3.16826,3.16826,23.2745,23.2745,6794.38,6794.38,323.474037,55.289766,2.4207446584929397,676.8745793374342
6053,6054,0.171875,100.2852,-3.712333,3.99411,31.7345,-37.9776,0.673073,0.326246,0.415322,10.545,0,4.91522,4.91522,35.6297,35.6297,15913.6,15913.6,334.040082,52.196711,4.168664916606835,658.6921916894657
5927,5928,0.46875,93.8812,1.389807,23.5095,30.7371,-56.0042,0.592245,0.383045,0.442929,11.726,0,7.525,7.525,58.1737,58.1737,36126.6,36126.6,320.686498,52.078132,6.781703019211253,637.9903091577355
5706,5707,0.28125,92.93572,1.834507,-3.08197,29.6898,-83.7477,0.684121,0.125,0.220285,14.2177,0,10.9757,10.9757,42.1982,42.1982,74237.0,74237.0,319.096816,51.719202,10.234003040930858,616.2486167094811
5957,5958,0.46875,100.0708,-1.234045,3.11157,28.7996,-49.6154,0.603766,0.286647,0.367441,11.3136,0,6.12796,6.12796,39.2995,39.2995,22447.6,22447.6,331.373701,54.102611,5.378929480156273,597.7754448952605
6461,6462,0.390625,103.4879,-0.614269,20.1807,28.5088,-1.75601,0.442626,0.218082,0.276117,8.70522,0,0.749055,0.749055,3.60983,3.60983,332.016,332.016,335.719736,56.542272,0.03921083350951702,591.7409143228848
6283,6284,0.25,99.77335,2.314491,-32.4159,28.4892,-18.9918,0.437172,0.221049,0.277466,9.49411,0,3.02837,3.02837,14.6656,14.6656,5423.15,5423.15,327.121131,56.722192,2.2788261194965425,591.3352198494792
5828,5829,0.375,103.5824,0.298994,4.42617,25.9944,-64.8841,0.51951,0.228943,0.30085,12.5739,0,7.48223,7.48223,39.2882,39.2882,30206.0,30206.0,334.957594,57.360964,6.733095949916802,539.5492708106067
5859,5860,0.328125,93.86218,1.438238,-11.5288,25.5512,-62.1266,0.357542,0.212855,0.253026,12.2007,0,8.20134,8.20134,36.2184,36.2184,35672.4,35672.4,320.609052,52.099171,7.4580190203123795,530.3501498038546
6079,6080,0.390625,93.21472,-1.532062,4.07059,25.2531,-38.2146,0.378734,0.351728,0.360509,10.5295,0,5.75821,5.75821,36.2316,36.2316,17379.7,17379.7,323.120263,49.505795,5.017499594916263,524.1641048086127
6385,6386,0.375,96.14198,0.104279,6.81829,25.235,-9.3878,0.335685,0.267149,0.288279,9.03403,0,2.28287,2.28287,11.4862,11.4862,2729.73,2729.73,324.830696,52.682634,1.5373699909555172,523.7901544865881
4600,4601,0.109375,94.05128,1.817268,-13.3189,23.573,-15.1668,0.240414,0.125,0.155451,9.29838,0,3.21823,3.21823,8.73151,8.73151,5067.6,5067.6,320.391275,52.501239,2.4757688415640446,489.29206140257094
6082,6083,0.3125,105.6552,-0.82484,-26.3102,23.534,-38.2705,0.442195,0.205068,0.264934,10.6195,0,4.47319,4.47319,20.684,20.684,9774.22,9774.22,339.331578,57.47756,3.7265647577493155,488.4807112372288
5720,5721,0.203125,109.9,2.696794,29.092,22.5822,-81.5926,0.312244,0.18344,0.219026,14.5356,0,9.25806,9.25806,35.3911,35.3911,40175.2,40175.2,343.589492,62.568234,8.51777710739988,468.7249434462876
6451,6452,0.09375,94.56698,-2.738552,6.95283,21.7328,-6.16522,0.382125,0.241632,0.281517,8.89054,0,2.01805,2.01805,9.91556,9.91556,1837.09,1837.09,325.910038,49.504327,1.2788005461273935,451.093520112817
6303,6304,0.484375,93.63155,-1.583914,18.6494,21.4028,-15.6493,0.509524,0.303793,0.360945,9.321,0,3.32565,3.32565,20.9508,20.9508,4913.32,4913.32,323.648016,49.749609,2.5851699086297337,444.2444064320141
6135,6136,0.453125,102.8764,-1.048955,11.9836,21.1306,-30.6211,0.565242,0.278399,0.352525,10.1315,0,3.93611,3.93611,24.2181,24.2181,6795.14,6795.14,335.21742,55.846066,3.187285361937421,438.5952815078627
6511,6512,0.125,104.2527,3.239916,-26.2303,20.7304,-2.24612,0.579965,0.333557,0.401095,8.72637,0,0.785875,0.785875,5.50155,5.50155,265.746,265.746,332.852331,60.173161,0.06083074374575574,430.28854990449537
6269,6270,0.453125,99.61938,0.255402,6.89221,20.2006,-17.6376,0.395036,0.327887,0.348896,9.4273,0,2.89723,2.89723,17.6425,17.6425,3519.51,3519.51,329.205391,55.020153,2.1477530330883816,419.29169121615473
6460,6461,0.390625,97.64393,-0.357933,-20.5907,20.0141,-6.02126,0.586563,0.235194,0.31895,8.8861,0,1.69626,1.69626,9.4427,9.4427,1195.29,1195.29,327.227532,53.305992,0.9493238809558003,415.4209974605412
5700,5701,0.078125,104.2554,4.153819,-7.86843,19.9495,-87.5024,0.45647,0.145429,0.21293,14.9278,0,10.3829,10.3829,38.5864,38.5864,44639.4,44639.4,331.779299,60.919404,9.635101607726536,414.076902667471
6123,6124,0.234375,94.37733,1.709066,-0.0104739,19.728,-33.9237,0.275318,0.213317,0.232254,10.279,0,5.16985,5.16985,20.9566,20.9566,10944.4,10944.4,320.897603,52.653697,4.426002188081196,409.4831848376218
6111,6112,0.421875,98.56981,-0.964732,5.52506,19.6212,-32.2179,0.543284,0.286944,0.354982,10.1974,0,4.50817,4.50817,27.9312,27.9312,8277.14,8277.14,329.073791,53.41257,3.7597707950877735,407.2674784028075
5915,5916,0.296875,100.9141,-0.729828,8.12491,19.14,-54.694,0.314018,0.271622,0.285076,11.6948,0,6.5832,6.5832,32.7551,32.7551,17217.4,17217.4,332.042831,55.005171,5.833723106060981,397.2770438422776
5909,5910,0.1875,108.542,1.748426,-5.69981,17.8111,-54.7688,0.309316,0.27398,0.285286,11.8482,0,5.98513,5.98513,29.8013,29.8013,13243.1,13243.1,341.914752,61.113407,5.242261984361833,369.6940684435194
6204,6205,0.234375,97.56998,1.780029,-3.1567,17.1043,-27.2119,0.348649,0.225787,0.260973,9.91431,0,4.10691,4.10691,18.7064,18.7064,5988.06,5988.06,324.76353,54.883782,3.3587424700576456,355.02241334736567
5766,5767,0.328125,95.56913,0.179107,-23.5561,17.0806,-74.9029,0.461904,0.302514,0.348349,13.344,0,9.49469,9.49469,57.7268,57.7268,31960.7,31960.7,324.046346,52.357092,8.748705801315596,354.53139807589054
4754,4755,0.109375,110.8981,3.513965,-50.6643,16.5367,-5.16012,0.277902,0.125,0.163144,8.86188,0,0.903632,0.903632,2.57301,2.57301,280.276,280.276,344.811003,63.733056,0.21009932258851086,343.24380423564446
6348,6349,0.1875,92.43128,0.238668,-6.15984,15.438,-13.3284,0.211457,0.186686,0.194602,9.21145,0,3.20747,3.20747,10.894,10.894,3296.6,3296.6,320.339851,50.239749,2.468929673383858,320.4358128955409
5822,5823,0.25,94.92156,1.842738,-14.9075,14.7812,-66.1687,0.480251,0.36806,0.402194,12.5423,0,8.52678,8.52678,59.8556,59.8556,22306.6,22306.6,321.387569,53.1295,7.781681300979405,306.8055869510417
6305,6306,0.234375,104.9886,-1.33189,6.45915,14.3954,-15.8671,0.382864,0.165307,0.218714,9.35659,0,2.28877,2.28877,8.73689,8.73689,1565.22,1565.22,338.728562,56.706859,1.542407493558833,298.79345760367704
6037,6038,0.09375,106.9764,0.513062,17.7354,13.9305,-38.4757,0.18824,0.137124,0.152398,10.6494,0,4.39721,4.39721,11.6959,11.6959,5590.8,5590.8,340.296496,59.288574,3.6519439417906128,289.1475671650547
5914,5915,0.203125,102.2308,-1.089501,-9.52009,12.7423,-53.0554,0.292043,0.246021,0.260493,11.5906,0,6.28343,6.28343,28.5676,28.5676,10442.2,10442.2,334.300862,55.457639,5.534301350014511,264.4834154340803
5732,5733,0.109375,108.9022,1.840392,43.2138,11.9996,-82.9162,0.492571,0.125,0.197438,14.6407,0,9.48572,9.48572,32.6873,32.6873,22410.9,22410.9,342.494616,61.358801,8.743180400878186,249.06843721604707
6008,6009,0.125,98.04858,-2.102739,6.90349,11.9366,-44.0049,0.356004,0.125,0.177184,10.9137,0,5.76181,5.76181,17.8182,17.8182,8225.31,8225.31,329.547806,52.194196,5.014570345687216,247.7618349951052
6186,6187,0.21875,91.80058,-1.913147,24.9806,11.7742,-29.607,0.552527,0.148049,0.229644,10.0318,0,5.07035,5.07035,20.3223,20.3223,6282.86,6282.86,321.95198,48.259562,4.3333898017885915,244.3889154908706
6192,6193,0.140625,99.23523,-0.76582,35.0241,11.6203,-27.3751,0.249494,0.129763,0.161357,9.9301,0,3.94825,3.94825,11.1191,11.1191,3759.91,3759.91,329.756822,53.977113,3.199354951004454,241.1949226820464
5796,5797,0.078125,108.4369,2.333026,-9.26264,11.5878,-71.0511,0.302279,0.125,0.167781,13.3034,0,7.89929,7.89929,23.1318,23.1318,15008.2,15008.2,341.156107,61.582958,7.156101610147588,240.52071847738162
5831,5832,0.203125,92.64737,1.190355,-31.1124,11.3953,-67.3521,0.407538,0.197218,0.2512,12.6305,0,8.95992,8.95992,39.2829,39.2829,18988.3,18988.3,319.51373,51.063197,8.218923438256983,236.5254190415609
5776,5777,0.125,99.24178,2.471177,-15.4625,11.3945,-73.817,0.328666,0.174309,0.215343,13.2924,0,8.95352,8.95352,33.6515,33.6515,18959.8,18959.8,326.198866,56.500746,8.204156769394167,236.50816345565045
6188,6189,0.125,97.25788,-2.077965,-6.25608,11.3377,-24.6626,0.210095,0.141879,0.161715,9.77728,0,3.87828,3.87828,10.9463,10.9463,3539.63,3539.63,328.513591,51.726362,3.132015290031099,235.33121988615844
6012,6013,0.21875,103.9476,-0.242021,-7.03881,11.1266,-44.6916,0.462541,0.208907,0.272282,11.0206,0,5.2588,5.2588,24.9911,24.9911,6386.88,6386.88,336.065241,57.102749,4.510141180331699,230.94866064732543
4864,4865,0.09375,94.31335,0.421449,-49.0804,10.9898,-4.77686,0.254101,0.125,0.158347,8.8309,0,1.83937,1.83937,5.08344,5.08344,771.76,771.76,322.280407,51.682698,1.0984918522318945,228.10986512715778
6449,6450,0.109375,109.3926,-3.021271,-0.978691,10.717,-6.45261,0.333987,0.238106,0.266537,8.91891,0,1.08591,1.08591,5.05162,5.05162,262.308,262.308,347.334882,57.142104,0.3662933297913129,222.44562629449186
6340,6341,0.203125,95.89559,-0.692672,1.64487,10.5447,-14.5928,0.289202,0.271153,0.277041,9.27351,0,2.93636,2.93636,14.1982,14.1982,1887.15,1887.15,325.386185,51.920754,2.1911887209274714,218.8707986866486
5787,5788,0.1875,99.05033,0.973185,-3.90396,10.4308,-72.4185,0.250399,0.221828,0.23097,13.1607,0,8.80033,8.80033,35.4759,35.4759,16767.4,16767.4,327.644867,55.227014,8.0508950750443,216.504939511027
5772,5773,0.21875,99.27988,1.458432,6.30486,10.3477,-72.9969,0.361318,0.208023,0.250057,13.2188,0,8.84816,8.84816,38.6164,38.6164,16815.2,16815.2,327.416237,55.747931,8.098604073170572,214.7811199125456
6281,6282,0.140625,95.09576,1.801418,-19.1419,10.3063,-19.0898,0.489535,0.125,0.197031,9.48921,0,3.53221,3.53221,12.1468,12.1468,2669.0,2669.0,321.644275,53.220873,2.7875655194099234,213.92204536416625
6125,6126,0.171875,109.8295,2.116522,-29.5824,10.271,-34.5211,0.415035,0.134939,0.196239,10.4345,0,3.82321,3.82321,13.0946,13.0946,3116.18,3116.18,343.99303,62.014633,3.0839503029902695,213.18970516615374
6241,6242,0.15625,104.5339,-1.432642,-34.7119,9.53993,-21.111,0.318907,0.134814,0.179629,9.62108,0,2.85431,2.85431,8.94865,8.94865,1613.24,1613.24,338.108086,56.390937,2.1072045655551923,198.01436782897474
6007,6008,0.09375,109.9753,-2.082158,-12.258,9.00762,-43.8921,0.198293,0.153612,0.167257,11.0617,0,4.75075,4.75075,13.8684,13.8684,4219.75,4219.75,347.671242,58.232275,4.012772700164043,186.96588422854566
6273,6274,0.1875,96.93288,0.475168,4.5716,8.86457,-19.9537,0.333502,0.262916,0.284606,9.53584,0,3.41651,3.41651,16.971,16.971,2147.7,2147.7,325.414743,53.482637,2.6692111368060294,183.9959334698325
6149,6150,0.109375,108.3302,1.724726,57.6795,8.69583,-32.639,0.400536,0.125,0.184284,10.2998,0,3.73019,3.73019,11.9977,11.9977,2511.45,2511.45,341.548965,60.994923,2.987552013421596,180.4939416923297
6242,6243,0.203125,95.46751,-1.503429,-43.6261,8.69143,-23.6295,0.343089,0.14689,0.194893,9.71942,0,3.97406,3.97406,13.5179,13.5179,2849.13,2849.13,325.718158,51.02758,3.2296898915996524,180.40286325339173
6138,6139,0.078125,108.9743,-0.120676,-28.2295,8.56635,-30.399,0.330248,0.170482,0.21252,10.173,0,3.47153,3.47153,12.8766,12.8766,2142.84,2142.84,344.367722,59.626582,2.73068404428211,177.80660894429957
5844,5845,0.078125,99.95744,2.343466,5.77203,7.85074,-67.8164,0.304237,0.184896,0.218285,12.751,0,8.15469,8.15469,31.0678,31.0678,10836.2,10836.2,327.346431,56.861645,7.405015891106263,162.9529023319973
5707,5708,0.078125,108.3013,1.734713,-25.4809,7.6943,-86.8424,0.283185,0.178521,0.208201,15.0948,0,10.0919,10.0919,36.6722,36.6722,16265.6,16265.6,341.48663,60.990396,9.348209928908473,159.7070953490686
6266,6267,0.109375,97.95178,-0.515612,56.605,7.62862,-21.0419,0.379404,0.125,0.180984,9.59304,0,3.42415,3.42415,10.8161,10.8161,1856.54,1856.54,327.793856,53.378856,2.6761177597780477,158.34295593441462
5749,5750,0.09375,110.785,2.798437,-21.9777,7.57532,-80.023,0.456487,0.125,0.192494,14.4022,0,9.00571,9.00571,30.2561,30.2561,12752.3,12752.3,345.246429,63.035427,8.267499206951571,157.23622388103627
6133,6134,0.109375,103.977,-1.428642,32.8728,7.48316,-30.3302,0.233812,0.125,0.154015,10.1226,0,3.81595,3.81595,10.2576,10.2576,2261.74,2261.74,337.244194,56.108784,3.0681139184070108,155.32355704390008
5985,5986,0.109375,106.3836,-0.171198,11.2491,7.32047,-44.328,0.29185,0.125,0.165829,11.0308,0,5.03054,5.03054,14.5597,14.5597,3845.21,3845.21,339.928924,58.40344,4.284480300093641,151.94655214804595
6038,6039,0.125,106.1982,0.633971,-18.8666,7.28313,-43.5737,0.298475,0.21307,0.238406,10.9761,0,4.96723,4.96723,20.6686,20.6686,3729.91,3729.91,338.857069,59.013995,4.22069860505072,151.17146196599998
6190,6191,0.15625,93.04033,-1.06003,-4.43574,7.09771,-27.3191,0.2784,0.252592,0.260918,9.90976,0,4.66432,4.66432,21.2408,21.2408,3205.13,3205.13,322.426168,49.731621,3.9239964775664,147.32246378839258
6223,6224,0.140625,99.96158,0.926667,52.5322,6.7354,-22.7406,0.414242,0.130805,0.192088,9.68636,0,3.40218,3.40218,11.4061,11.4061,1618.19,1618.19,328.952254,55.759756,2.65240669278904,139.80250028878172
6437,6438,0.140625,98.60619,1.43759,59.3146,6.66062,-8.72237,0.43162,0.125,0.188933,9.00629,0,1.96612,1.96612,6.48331,6.48331,534.426,534.426,326.524783,55.301404,1.2173256860089094,138.25076291078994
6108,6109,0.09375,104.5467,-1.770724,63.4098,6.61367,-35.0454,0.338987,0.125,0.174315,10.406,0,4.23833,4.23833,12.8946,12.8946,2465.95,2465.95,338.435506,56.10568,3.491204520236766,137.27603603722451
6457,6458,0.109375,100.2687,-1.90691,-46.2804,6.28335,-5.03479,0.332477,0.125,0.173192,8.84475,0,1.36222,1.36222,4.11769,4.11769,242.013,242.013,332.313169,53.67213,0.614978868175493,130.41999844262745
6016,6017,0.125,100.4796,0.603639,6.82104,6.26786,-46.5274,0.264883,0.133528,0.167777,11.1046,0,5.76539,5.76539,16.8826,16.8826,4324.43,4324.43,330.032616,55.820659,5.015508593778103,130.09826072677544
5864,5865,0.140625,106.5719,1.611814,-24.1738,6.12878,-62.7377,0.338923,0.199404,0.23797,12.4622,0,7.00896,7.00896,29.1109,29.1109,6249.34,6249.34,338.531195,60.047665,6.262718908371207,127.21168069421333
6200,6201,0.15625,102.1483,0.810065,-19.02,6.12759,-26.6534,0.320563,0.192556,0.228214,9.90485,0,3.60193,3.60193,14.3469,14.3469,1650.1,1650.1,332.240966,56.975489,2.8521021291229776,127.186122522056
6432,6433,0.125,96.88621,1.240041,-1.14053,6.01178,-10.0965,0.263092,0.125,0.160193,9.06654,0,2.29664,2.29664,6.42117,6.42117,658.175,658.175,324.501082,54.026154,1.5497285439197963,124.7830317179049
6335,6336,0.109375,110.3056,-2.284357,-12.1044,5.94421,-15.8583,0.329563,0.143161,0.189029,9.37933,0,1.99378,1.99378,6.57789,6.57789,490.459,490.459,348.395648,58.168168,1.2612463237663758,123.380986382058
6212,6213,0.109375,98.19809,-1.043427,-24.5773,5.92406,-25.2355,0.204902,0.13077,0.151887,9.8111,0,3.83602,3.83602,10.169,10.169,1809.39,1809.39,328.666692,53.120948,3.0880218221284474,122.96187024913016
8016,8017,0.109375,101.0014,-1.563756,16.969,5.87296,-38.307,0.332129,0.209972,0.244649,10.5748,0,4.87653,4.87653,20.8226,20.8226,2898.88,2898.88,332.997606,54.373883,4.12761689131546,121.90132814006161
5621,5622,0.109375,106.5403,1.035834,23.0382,5.83996,-131.624,0.28244,0.183024,0.211502,23.8884,0,20.0392,20.0392,73.973,73.973,48676.8,48676.8,339.047657,59.532665,19.292640963640263,121.21636617978294
5895,5896,0.125,107.2138,-2.371519,-28.148,5.74385,-57.7017,0.276355,0.157557,0.190012,12.0502,0,6.39425,6.39425,21.2056,21.2056,4874.55,4874.55,343.203262,56.835778,5.650698974150897,119.22169861451704
6047,6048,0.125,94.56431,1.80527,-0.448671,5.68591,-43.1668,0.413172,0.156892,0.216659,10.8411,0,6.08948,6.08948,23.027,23.027,4376.36,4376.36,321.006503,52.853295,5.345166744666505,118.019188214497
6487,6488,0.078125,108.2206,-3.258624,0.962314,5.62573,-4.38676,0.245964,0.178488,0.198623,8.82325,0,0.902266,0.902266,3.12784,3.12784,95.0604,95.0604,345.544757,56.460052,0.19406687281631685,116.76977758870997
6438,6439,0.140625,97.13207,1.647462,-18.2262,5.61446,-8.82193,0.302968,0.217568,0.242957,9.00932,0,2.11279,2.11279,8.95914,8.95914,520.204,520.204,324.350324,54.49375,1.3656785914012888,116.53624546245273
6144,6145,0.109375,103.6828,0.624063,2.91975,5.51831,-32.0361,0.173438,0.159796,0.16422,10.2197,0,4.0091,4.0091,11.4908,11.4908,1840.99,1840.99,334.782362,57.687915,3.2600542829891634,114.54012461626354
5715,5716,0.078125,91.15647,1.45089,-9.44975,5.36768,-82.6923,0.170647,0.137778,0.147963,14.0957,0,11.0778,11.0778,28.6079,28.6079,13672.5,13672.5,317.593968,50.165527,10.340013618103434,111.41428868287015
5947,5948,0.078125,95.00922,0.974486,3.81362,5.00115,-52.9808,0.149346,0.139624,0.142792,11.511,0,7.05651,7.05651,17.5862,17.5862,5168.94,5168.94,322.48599,52.562516,6.3113441723480515,103.80578770968614
6185,6186,0.109375,96.63144,-2.041765,-2.5782,4.88316,-28.1679,0.190108,0.14283,0.157114,9.96286,0,4.31,4.31,11.8187,11.8187,1882.81,1882.81,327.692932,51.362008,3.5643425733964422,101.356581844413
6459,6460,0.078125,99.48795,-1.638706,1.63903,4.86676,-7.0896,0.152169,0.129854,0.136903,8.93434,0,1.68754,1.68754,4.03221,4.03221,287.673,287.673,330.984526,53.431537,0.9398489163955172,101.0161822213528
5963,5964,0.125,92.20174,0.726096,35.3473,4.44171,-51.0514,0.27075,0.136688,0.171663,11.3627,0,7.22174,7.22174,21.637,21.637,4808.24,4808.24,319.54451,50.420012,6.4819689161392,92.19395363126871
5874,5875,0.09375,99.96056,-0.070663,-8.17245,4.38633,-63.1597,0.180078,0.152252,0.161014,12.3537,0,7.61416,7.61416,21.3975,21.3975,5278.34,5278.34,330.023379,54.969749,6.864569146096426,91.04442643856346
6083,6084,0.09375,96.60709,-1.004683,-14.4022,4.29604,-36.3722,0.181121,0.134754,0.148713,10.4309,0,5.14726,5.14726,13.3599,13.3599,2362.51,2362.51,326.594849,52.145661,4.4007163604057435,89.17054960105658
5948,5949,0.078125,94.58739,0.917753,-0.507645,4.25361,-53.4482,0.181529,0.125,0.141554,11.5424,0,7.15947,7.15947,17.6881,17.6881,4525.54,4525.54,322.048139,52.231258,6.4149830503820935,88.28941934897071
6172,6173,0.09375,94.59536,-0.934115,34.4937,4.20722,-30.5958,0.353777,0.125,0.176814,10.0916,0,4.80187,4.80187,14.8185,14.8185,2013.57,2013.57,324.082155,50.878266,4.05834303812335,87.32647611670133
5811,5812,0.09375,92.98587,0.893477,9.36121,4.12882,-70.3333,0.190949,0.125,0.143961,12.8952,0,9.26567,9.26567,23.281,23.281,7357.52,7357.52,320.228549,51.09493,8.523965831782766,85.6994025222707
6252,6253,0.078125,96.74012,1.651689,-8.32269,4.02699,-22.7481,0.183872,0.12828,0.144637,9.67671,0,3.73511,3.73511,9.42887,9.42887,1166.11,1166.11,323.845977,54.234579,2.9879151513841733,83.58584298829787
5855,5856,0.078125,93.90192,0.68676,14.2678,3.87999,-62.764,0.189018,0.125,0.143474,12.2538,0,8.26757,8.26757,20.7029,20.7029,5504.76,5504.76,321.505934,51.589959,7.524212062035063,80.53462257205717
6522,6523,0.078125,110.0794,-3.236938,39.0131,3.79975,-0.182875,0.216944,0.125,0.150218,8.63882,0,0.383188,0.383188,1.00465,1.00465,11.5806,11.5806,348.656742,57.199159,0.3785105729785538,78.86916824892751
8010,8011,0.09375,102.1853,1.122892,-3.73876,3.75463,-64.4223,0.187015,0.157192,0.166564,12.5013,0,7.54816,7.54816,21.9432,21.9432,4440.18,4440.18,331.961605,57.251571,6.798296704539512,77.93245930619234
5919,5920,0.109375,96.22549,0.372826,23.9718,3.73608,-56.0555,0.241318,0.145938,0.172574,11.7462,0,7.23756,7.23756,21.7995,21.7995,4062.11,4062.11,324.63974,52.939089,6.490758711811151,77.54741501982652
8003,8004,0.078125,100.8636,0.822888,63.7432,3.5349,-133.347,0.474716,0.125,0.195022,23.4409,0,20.3042,20.3042,69.1114,69.1114,30248.3,30248.3,330.343905,56.227158,19.55423393629967,73.3718055411208
5768,5769,0.078125,93.76599,0.455458,6.16061,3.1413,-73.8883,0.172461,0.125,0.139157,13.2287,0,9.59388,9.59388,23.3011,23.3011,6001.37,6001.37,321.606876,51.329152,8.850718247029885,65.20213834589002
8011,8012,0.078125,102.7583,1.639255,-37.2446,2.73917,-60.6253,0.284045,0.125,0.164337,12.1916,0,7.06489,7.06489,20.2637,20.2637,2837.79,2837.79,332.272009,58.004664,6.315234741877504,56.85510231196771
5851,5852,0.078125,103.9068,-0.176264,4.87357,2.67491,-63.2394,0.143294,0.125,0.130823,12.4386,0,7.26535,7.26535,16.5889,16.5889,2930.72,2930.72,335.937031,57.136571,6.516578803589667,55.521507128363204
6425,6426,0.078125,96.5663,-0.291419,-7.43225,2.39878,-9.08175,0.165739,0.125,0.137324,9.02064,0,2.20083,2.20083,5.27489,5.27489,241.167,241.167,325.786981,52.662866,1.4548962153854101,49.7903164181595
