,Cluster,Age,Mc,Mdotc,Lwc,k,Mmin*,Mmax*,RA_ICRS,DE_ICRS,r50,nbstars07,pmRA_,pmDE,plx,Flag,AgeNN,AVNN,DMNN,DistPc,X,Y,Z,Rgc,SimbadName,_RA.icrs,_DE.icrs,l,b
0,ASCC_107,17.0,216.9,6.67e-09,1.39e+34,3093.9,1.25,6.07,297.164,21.987,0.174,57,-0.155,-5.156,1.109,NN,7.23,1.69,9.7,870.0,449.0,744.0,-28.0,7925.0,[KPR2005] 107,297.164,21.987,58.90301571432032,-1.901557345076885
1,ASCC_127,18.2,108.7,1.14e-09,2.0899999999999998e+33,1616.2,0.43,2.78,347.205,64.974,0.627,117,7.474,-1.745,2.633,NN,7.26,0.43,7.88,376.0,-142.0,347.0,27.0,8490.0,[KPR2005] 127,347.2049,64.974,112.34957744165082,4.232104710808198
2,ASCC_16,13.5,161.4,3.91e-09,7.94e+33,2323.5,0.42,3.1,81.198,1.655,0.376,175,1.355,-0.015,2.838,NN,7.13,0.2,7.69,344.0,-305.0,-118.0,-108.0,8646.0,[KPR2005] 16,81.198,1.655,201.1395755873416,-18.373357827362863
3,ASCC_19,10.5,181.2,5.63e-09,1.18e+34,2584.6,0.96,4.28,81.982,-1.987,0.605,149,1.152,-1.234,2.768,NN,7.02,0.13,7.7,346.0,-296.0,-137.0,-115.0,8637.0,[KPR2005] 19,81.982,-1.987,204.91335623584658,-19.437912226928553
4,ASCC_21,8.9,45.6,5.39e-11,5.8999999999999995e+31,736.6,0.36,3.28,82.179,3.527,0.41,90,1.404,-0.632,2.866,NN,6.95,0.1,7.66,341.0,-307.0,-111.0,-97.0,8647.0,[KPR2005] 21,82.179,3.527,199.93794962574867,-16.598171867717564
5,ASCC_32,25.1,559.6,7.83e-09,1.4900000000000001e+34,8226.4,1.04,3.25,105.714,-26.512,0.656,186,-3.307,3.477,1.23,NN,7.4,0.26,9.53,805.0,-421.0,-673.0,-132.0,8787.0,[KPR2005] 32,105.714,-26.512,237.9763625212135,-9.432396088185605
6,ASCC_79,18.6,670.9,1.71e-08,3.49e+34,9637.9,1.53,4.54,229.731,-60.798,0.98,113,-2.914,-4.232,1.176,NN,7.27,0.41,9.58,825.0,631.0,-529.0,-41.0,7727.0,[KPR2005] 79,229.731,-60.798,319.97686296298536,-2.904127292787983
7,ASCC_9,29.5,594.8,6.04e-09,1.11e+34,8852.6,2.71,6.9,41.671,57.743,0.215,48,0.166,-1.099,0.406,NN,7.47,2.23,11.88,2376.0,-1760.0,1594.0,-72.0,10225.0,[KPR2005] 9,41.671,57.743,137.84391690440583,-1.7531447488940615
8,Alessi_18,5.1,310.7,2.63e-08,6.170000000000001e+34,4278.7,2.25,4.07,114.295,-26.386,0.019,24,-1.261,1.79,0.126,NN,6.71,2.48,14.29,7199.0,-3440.0,-6315.0,-320.0,13366.0,Cl Alessi 18,114.295,-26.386,241.42069778095149,-2.554862128220381
9,Alessi_19,25.7,125.9,1.68e-09,3.1899999999999996e+33,1853.3,0.88,5.26,274.741,12.311,0.595,60,-1.005,-7.073,1.71,NN,7.41,0.31,8.79,573.0,425.0,362.0,126.0,7922.0,Cl Alessi 19,274.741,12.311,40.40350169188308,12.710111598110043
10,Alessi_20,9.3,130.5,2.04e-09,3.95e+33,1909.2,1.07,3.36,2.593,58.742,0.235,119,8.195,-2.341,2.311,NN,6.97,0.6,8.08,412.0,-190.0,364.0,-26.0,8538.0,Cl Alessi 20,2.5929,58.742,117.61445752037093,-3.70512458929773
11,Alessi_43,11.5,574.3,4.1e-08,9.410000000000001e+34,7955.4,1.12,6.58,132.631,-41.738,0.29,284,-5.546,3.869,1.032,NN,7.06,0.99,9.81,917.0,-119.0,-909.0,24.0,8507.0,Cl Alessi 43,132.631,-41.738,262.54617296627504,1.5011469237924016
12,Alessi_59,10.0,201.1,7.81e-09,1.67e+34,2844.9,2.69,3.47,103.078,2.196,0.006,10,-0.54,0.283,0.227,notEnoughStars,,,,,,,,,Cl Alessi 59,103.078,2.196,211.07683322572552,1.1955251397075195
13,Alessi_Teutsch_5,18.6,316.0,8.05e-09,1.64e+34,4539.8,1.08,3.7,332.218,61.103,0.427,127,-1.895,-3.207,1.111,NN,7.27,1.02,9.79,907.0,-227.0,876.0,66.0,8611.0,NAME Alessi-Teutsch 5,332.218,61.103,104.5359506777951,4.178761821312051
14,Andrews_Lindsay_5,1.0,1029.7,6.79e-07,2.0199999999999998e+36,13356.9,3.06,5.62,281.079,-4.931,0.023,58,-0.901,-3.562,0.137,tooRed,,,,,,,,,[AL67] Cl* 5,281.079,-4.931,27.73259249916189,-0.6672155253887073
15,Antalova_2,12.0,143.4,2.73e-09,5.39e+33,2083.3,1.54,2.17,262.462,-32.541,0.097,27,2.037,-1.65,0.842,NN,7.08,1.15,10.12,1056.0,1052.0,-89.0,17.0,7287.0,Cl Antalova 2,262.462,-32.541,355.1409886291861,0.9291252467029453
16,Aveni_Hunter_1,10.5,93.3,7.08e-10,1.25e+33,1404.4,1.22,2.8,354.175,48.205,0.496,82,-0.184,-2.087,2.348,NN,7.02,0.75,8.03,402.0,-136.0,368.0,-89.0,8484.0,NAME AVENI-HUNTER 1,354.175,48.205,110.28349428678277,-12.82275730586617
17,BDSB30,3.5,43.2,4.53e-11,4.6799999999999995e+31,702.1,1.63,3.18,333.667,61.433,0.024,33,-1.579,-3.005,1.109,tooRed,,,,,,,,,[BDS2003] 30,333.667,61.433,105.29790466791114,4.050493862355675
18,BDSB91,14.1,136.1,2.32e-09,4.52e+33,1985.4,1.51,2.54,96.319,-10.551,0.036,32,-3.183,1.15,1.033,NN,7.15,1.8,9.91,961.0,-729.0,-600.0,-176.0,9089.0,[BDS2003] 91,96.319,-10.551,219.46813770017636,-10.55362409219557
19,BDSB93,15.8,61.9,1.64e-10,2.39e+32,969.6,1.41,5.23,104.297,-8.202,0.036,32,-2.41,1.021,0.77,NN,7.2,1.77,10.39,1196.0,-903.0,-782.0,-51.0,9276.0,[BDS2003] 93,104.297,-8.202,220.88827869576892,-2.4618216380607376
20,BDSB96,7.9,99.3,8.67e-10,1.56e+33,1487.4,1.33,5.5,106.332,-12.327,0.045,65,-3.843,1.071,0.844,manual,6.9,1.22,10.29,1144.0,-801.0,-815.0,-51.0,9178.0,[BDS2003] 96,106.332,-12.327,225.47675006290893,-2.5610958265426036
21,BH_121,2.6,1251.8,1.07e-06,3.27e+36,16117.6,1.8,12.3,174.661,-63.387,0.154,174,-6.0,0.63,0.387,NN,6.42,1.11,11.91,2413.0,1015.0,-2188.0,-69.0,7644.0,Cl VDBH 121,174.6611,-63.387,294.8863088504742,-1.6580661068234923
22,BH_150,21.9,581.7,1.07e-08,2.11e+34,8459.6,2.82,7.29,204.506,-63.346,0.025,43,-6.395,-1.534,0.178,NN,7.34,3.76,13.73,5580.0,3445.0,-4389.0,-92.0,6574.0,Cl VDBH 150,204.5061,-63.346,308.1284960396192,-0.9452572868910973
23,BH_151,15.8,417.5,1.48e-08,3.15e+34,5925.2,3.43,10.21,205.051,-61.731,0.008,29,-5.853,-1.878,0.176,NN,7.2,4.06,13.49,4989.0,3117.0,-3895.0,51.0,6515.0,Cl VDBH 151,205.0511,-61.731,308.67240780322726,0.5960199252917141
24,BH_205,6.2,452.3,7.56e-08,1.9099999999999998e+35,6099.2,1.84,4.76,254.053,-40.636,0.097,55,-0.15,-1.083,0.569,NN,6.79,1.23,11.03,1604.0,1546.0,-425.0,45.0,6806.0,Cl VDBH 205,254.053,-40.636,344.6314622213202,1.6316073950926189
25,BH_221,10.7,515.5,4.3e-08,1.01e+35,7103.6,1.29,6.64,259.641,-32.334,0.152,133,2.0,-1.568,0.884,NN,7.03,1.09,10.42,1213.0,1204.0,-127.0,63.0,7136.0,Cl VDBH 221,259.641,-32.334,353.9720532454231,3.0139474632391954
26,BH_23,28.8,79.3,4.03e-10,6.71e+32,1211.8,0.43,5.71,123.449,-36.329,0.372,86,-7.101,7.35,2.257,NN,7.46,0.0,8.32,462.0,-127.0,-444.0,-8.0,8479.0,Cl VDBH 23,123.449,-36.329,253.9685438824478,-1.0306171525075762
27,BH_245,4.7,543.2,1.27e-07,3.33e+35,7254.8,4.07,9.08,266.561,-29.7,0.016,31,-0.497,-2.194,0.336,tooRed,,,,,,,,,Cl VDBH 245,266.561,-29.7,359.4185647134536,-0.5136854449909294
28,BH_54,8.7,508.3,6.92e-08,1.71e+35,6897.3,2.84,7.42,132.413,-44.353,0.048,42,-4.759,5.244,0.42,NN,6.94,2.53,11.76,2245.0,-216.0,-2235.0,-10.0,8843.0,Cl VDBH 54,132.413,-44.353,264.4679163953648,-0.27964590228569536
29,BH_56,17.8,311.4,8.71e-09,1.8e+34,4457.7,1.05,4.47,134.355,-43.181,0.215,109,-5.57,5.439,1.078,NN,7.25,0.7,9.62,840.0,-81.0,-836.0,22.0,8462.0,Cl VDBH 56,134.355,-43.181,264.4697221683362,1.5479361118061958
30,Basel_18,27.5,211.8,2.47e-09,4.5999999999999996e+33,3136.0,1.26,5.09,201.967,-62.306,0.06,49,-5.008,-2.05,0.508,NN,7.44,0.65,11.35,1863.0,1125.0,-1485.0,8.0,7366.0,Cl Basel 18,201.967,-62.306,307.1506950100282,0.2669734282414771
31,Berkeley_14A,9.3,97.0,8.04e-10,1.43e+33,1456.0,1.41,1.6,75.278,43.429,0.426,4,-0.225,-2.741,0.882,notEnoughStars,,,,,,,,,Cl Berkeley 14A,75.278,43.429,163.00458412774304,0.8142011160842264
32,Berkeley_15,18.6,1089.5,2.77e-08,5.67e+34,15651.0,1.71,4.62,75.52,44.506,0.06,114,0.782,-0.872,0.339,NN,7.27,2.64,12.36,2958.0,-2816.0,901.0,83.0,11192.0,Cl Berkeley 15,75.52,44.506,162.26050060068448,1.6122367004907423
33,Berkeley_4,21.4,473.4,9.12e-09,1.8100000000000002e+34,6872.9,2.55,8.95,11.291,64.391,0.033,42,-2.421,-0.236,0.296,NN,7.33,2.16,12.47,3121.0,-1665.0,2638.0,83.0,10347.0,Cl Berkeley 4,11.291,64.391,122.25381411264931,1.5275138200738398
34,Berkeley_47,21.9,631.2,1.16e-08,2.2900000000000003e+34,9180.3,2.69,6.86,292.127,17.362,0.029,52,-1.894,-5.444,0.402,NN,7.34,4.02,11.93,2437.0,1482.0,1934.0,-1.0,7125.0,Cl Berkeley 47,292.127,17.362,52.54505205813239,-0.04172371179716403
35,Berkeley_59,1.3,1323.8,1.21e-06,3.7499999999999997e+36,17007.6,2.51,9.58,0.57,67.441,0.137,235,-1.616,-1.764,0.916,tooRed,,,,,,,,,Cl Berkeley 59,0.57,67.441,118.23004026240766,5.0191096066725285
36,Berkeley_62,14.8,660.5,2.71e-08,5.85e+34,9324.2,1.63,5.78,15.309,63.918,0.081,84,-2.15,-0.353,0.36,NN,7.17,2.09,12.12,2660.0,-1487.0,2204.0,49.0,10071.0,Cl Berkeley 62,15.309,63.918,124.00879693469568,1.0667374435162051
37,Berkeley_63,18.2,621.8,1.66e-08,3.4100000000000004e+34,8917.3,2.53,6.77,34.858,63.718,0.041,47,-0.958,0.203,0.172,NN,7.26,2.52,13.67,5412.0,-3652.0,3987.0,235.0,12638.0,Cl Berkeley 63,34.858,63.718,132.4883132197587,2.4908967297647653
38,Berkeley_86,11.0,180.1,1.2e-05,9.25e+36,2569.0,1.74,5.16,305.084,38.688,0.07,23,-3.447,-5.402,0.558,NN,7.04,2.77,11.05,1621.0,374.0,1577.0,36.0,8120.0,Cl Berkeley 86,305.084,38.688,76.6497889720015,1.275987255752327
39,Berkeley_87,8.3,1279.1,1.36e-05,2.28e+37,17298.2,2.62,10.86,305.396,37.433,0.093,112,-3.654,-6.264,0.573,NN,6.92,3.68,11.08,1644.0,404.0,1594.0,10.0,8093.0,Cl Berkeley 87,305.396,37.433,75.75628587771186,0.3610082989258263
40,Berkeley_90,5.1,817.2,3.82e-07,1.09e+36,10704.6,2.59,13.93,308.819,46.843,0.055,82,-2.829,-4.369,0.302,NN,6.71,3.6,12.4,3025.0,269.0,3007.0,200.0,8612.0,Cl Berkeley 90,308.819,46.843,84.88278882023016,3.7934303295685243
41,Berkeley_94,15.5,440.0,1.64e-08,3.5e+34,6233.8,2.31,8.35,335.711,55.862,0.037,39,-3.713,-2.861,0.217,NN,7.19,1.62,13.06,4097.0,-929.0,3990.0,-84.0,10092.0,Cl Berkeley 94,335.711,55.862,103.11813446775244,-1.1853176867772992
42,Berkeley_95,12.0,313.0,2.01e-08,4.570000000000001e+34,4349.8,2.28,7.63,337.082,59.129,0.041,31,-3.401,-2.287,0.248,NN,7.08,3.83,12.96,3907.0,-1042.0,3764.0,81.0,10109.0,Cl Berkeley 95,337.082,59.129,105.47145408021123,1.1974358781900447
43,Berkeley_97,15.1,534.0,2.09e-08,4.48e+34,7552.1,1.7,7.22,339.853,59.005,0.035,76,-2.736,-1.808,0.314,NN,7.18,2.58,12.55,3241.0,-928.0,3105.0,21.0,9774.0,Cl Berkeley 97,339.853,59.005,106.64045008916254,0.37420390388065256
44,Bica_3,15.8,749.0,2.66e-08,5.64e+34,10629.5,3.75,7.47,276.519,-13.058,0.016,70,-0.588,-1.598,0.391,tooRed,,,,,,,,,[BBD2004] Cluster 1,276.519,-13.058,18.445941558037877,-0.4170138812545924
45,Biurakan_2,9.3,297.5,2.32e-08,5.39e+34,4108.6,1.48,6.42,302.283,35.488,0.139,47,-3.169,-6.843,0.542,NN,6.97,0.93,11.18,1723.0,511.0,1645.0,40.0,7999.0,Cl Biurakan 2,302.283,35.488,72.74726847377086,1.359669797732704
46,Bochum_11,6.3,357.9,3.92e-08,9.44e+34,4890.0,2.12,10.95,161.769,-60.096,0.056,61,-6.335,1.742,0.389,NN,6.8,1.27,12.06,2584.0,799.0,-2457.0,-39.0,7931.0,Cl Bochum 11,161.7691,-60.096,288.0115750077363,-0.8772045337418173
47,Bochum_13,8.9,494.2,6.36e-08,1.5599999999999999e+35,6718.0,2.36,9.91,259.333,-35.529,0.105,57,-0.286,-1.284,0.567,manual,6.95,2.63,11.11,1666.0,1646.0,-254.0,40.0,6698.0,Cl Bochum 13,259.333,-35.529,351.2106072969847,1.3831706212090722
48,Bochum_6,6.5,497.9,9.91e-08,2.56e+35,6679.9,1.68,7.57,112.992,-19.416,0.075,75,-2.28,2.308,0.249,NN,6.81,1.59,12.97,3931.0,-2269.0,-3210.0,-15.0,11084.0,Cl Bochum 6,112.992,-19.416,234.74093164196722,-0.22419167382890692
49,COIN-Gaia_16,25.7,135.3,1.81e-09,3.43e+33,1992.5,1.49,3.49,80.179,37.438,0.059,25,1.262,-3.749,0.622,NN,7.41,0.57,10.93,1531.0,-1508.0,264.0,7.0,9852.0,[CKS2019] COIN-Gaia 16,80.179,37.438,170.03828783202528,0.2699329454523906
50,COIN-Gaia_21,28.2,169.3,1.89e-09,3.5e+33,2511.4,1.4,4.08,84.766,28.402,0.098,26,-0.115,-3.849,0.697,NN,7.45,1.09,10.74,1406.0,-1405.0,7.0,-36.0,9745.0,[CKS2019] COIN-Gaia 21,84.766,28.402,179.69624531109784,-1.5036767617277045
51,Collinder_106,24.5,454.7,6.66e-09,1.28e+34,6671.6,1.42,3.87,99.278,6.002,0.186,93,-1.472,0.531,0.635,NN,7.39,0.63,10.89,1505.0,-1353.0,-659.0,-11.0,9716.0,Cl Collinder 106,99.278,6.002,205.95949811782074,-0.43612636181543785
52,Collinder_107,18.2,579.0,1.55e-08,3.17e+34,8303.4,1.43,6.01,99.203,4.972,0.39,108,-1.325,0.659,0.617,NN,7.26,0.95,11.11,1666.0,-1486.0,-752.0,-28.0,9855.0,Cl Collinder 107,99.203,4.972,206.84021060222508,-0.9755170084523144
53,Collinder_132,24.5,196.2,2.87e-09,5.509999999999999e+33,2879.6,0.83,3.37,108.485,-30.758,1.333,86,-4.14,3.732,1.501,NN,7.39,0.0,8.98,624.0,-280.0,-549.0,-98.0,8638.0,Cl Collinder 132,108.485,-30.758,242.9226063893501,-9.103931289641952
54,Collinder_135,26.3,305.4,3.9e-09,7.35e+33,4505.3,0.38,4.4,109.362,-37.044,1.138,324,-9.975,6.157,3.278,NN,7.42,0.01,7.33,292.0,-102.0,-267.0,-56.0,8446.0,Cl Collinder 135,109.3621,-37.044,248.9883652043197,-11.200966148640616
55,Collinder_140,26.9,134.8,1.64e-09,3.08e+33,1991.7,0.4,5.12,110.882,-31.966,0.568,124,-8.074,4.789,2.594,NN,7.43,0.0,7.95,388.0,-162.0,-348.0,-52.0,8510.0,Cl Collinder 140,110.882,-31.966,244.94342690459942,-7.818240171192694
56,Collinder_197,14.1,491.2,2.22e-08,4.85e+34,6910.5,1.2,7.21,131.202,-41.28,0.15,229,-5.808,3.933,1.034,NN,7.15,1.42,9.9,955.0,-140.0,-944.0,15.0,8533.0,Cl Collinder 197,131.202,-41.28,261.5174419617461,0.9561174639889652
57,Collinder_205,4.6,563.6,1.41e-07,3.7199999999999995e+35,7513.7,1.58,5.89,135.119,-48.984,0.047,81,-4.797,3.918,0.483,NN,6.66,2.3,11.9,2394.0,-33.0,-2393.0,-77.0,8708.0,Cl Collinder 205,135.119,-48.984,269.20349707503055,-1.8509931694018253
58,Collinder_419,19.5,143.4,2.71e-09,5.36e+33,2083.3,1.4,9.94,304.534,40.732,0.058,48,-2.708,-6.382,0.952,NN,7.29,1.17,10.01,1003.0,206.0,981.0,48.0,8192.0,Cl Collinder 419,304.534,40.732,78.1006278261443,2.7775624822074585
59,Collinder_469,9.5,379.6,4.14e-08,9.98e+34,5186.6,2.56,5.0,274.143,-18.309,0.029,24,0.089,-1.679,0.399,NN,6.98,1.96,11.92,2422.0,2362.0,533.0,-36.0,6001.0,Cl Collinder 469,274.143,-18.309,12.736331987060485,-0.870814170545249
60,Collinder_69,12.6,564.1,3.28e-08,7.36e+34,7868.1,1.0,3.75,83.792,9.813,0.989,620,1.194,-2.118,2.462,manual,7.1,0.25,8.1,416.0,-393.0,-106.0,-87.0,8734.0,Cl Collinder 69,83.792,9.813,195.16228831814198,-12.05052557652056
61,Collinder_95,19.1,156.8,3.56e-09,7.189999999999999e+33,2262.1,1.26,5.72,97.788,9.894,0.171,136,-2.263,-5.159,1.458,NN,7.28,1.52,9.1,659.0,-612.0,-245.0,0.0,8955.0,Cl Collinder 95,97.788,9.894,201.82550877827865,0.048495741993599815
62,Czernik_31,29.5,466.9,4.74e-09,8.7e+33,6949.1,1.43,4.86,114.238,-20.515,0.038,71,-1.946,3.035,0.295,NN,7.47,1.43,12.65,3396.0,-1885.0,-2824.0,15.0,10608.0,Cl Czernik 31,114.238,-20.515,236.2701779124373,0.26639089136208904
63,Czernik_40,25.1,901.0,1.26e-08,2.4000000000000003e+34,13244.7,2.68,5.07,295.661,21.145,0.078,62,-2.249,-4.613,0.207,NN,7.4,3.43,13.32,4610.0,2478.0,3886.0,-89.0,7032.0,Cl Czernik 40,295.661,21.145,57.47361582171029,-1.1136026635218823
64,Czernik_41,12.9,2035.1,1.12e-07,2.51e+35,28432.7,2.92,7.93,297.754,25.29,0.083,181,-2.932,-6.164,0.369,NN,7.11,4.11,12.03,2543.0,1193.0,2246.0,-30.0,7491.0,Cl Czernik 41,297.754,25.29,62.02376846110581,-0.6899169769142763
65,Czernik_6,28.2,193.1,2.15e-09,3.99e+33,2863.7,2.4,4.51,30.543,62.838,0.053,20,-1.129,-0.127,0.353,NN,7.45,1.0,12.03,2541.0,-1663.0,1920.0,47.0,10186.0,Cl Czernik 6,30.543,62.838,130.90411478303037,1.0662491750711252
66,DB2001_22,17.2,164.4,4.12e-09,8.4e+33,2362.8,2.87,8.26,310.645,42.946,0.032,18,-2.714,-4.644,0.268,tooRed,,,,,,,,,[DB2001] Cl 22,310.645,42.946,82.57012854206137,0.3996807626109219
67,DBSB_101,11.2,334.5,2.51e-08,5.81e+34,4624.7,1.77,4.06,242.631,-49.014,0.064,36,-1.822,-2.193,0.52,NN,7.05,3.07,11.36,1871.0,1666.0,-849.0,61.0,6727.0,[DBS2003] 101,242.631,-49.014,332.99897709979444,1.8784957961541275
68,DBSB_104,26.9,67.4,2.22e-10,3.41e+32,1047.6,1.17,2.73,255.997,-51.088,0.035,20,-0.443,-2.692,0.908,NN,7.43,0.88,10.16,1078.0,989.0,-415.0,-110.0,7362.0,[DBS2003] 104,255.997,-51.088,337.21606105746673,-5.866482240987884
69,DBSB_21,9.5,119.9,1.57e-09,2.96e+33,1766.8,2.39,4.18,130.571,-40.737,0.016,14,-5.998,4.44,0.613,NN,6.98,3.26,10.99,1574.0,-251.0,-1554.0,25.0,8731.0,[DBS2003] 21,130.571,-40.737,260.79616219230695,0.9178781267234358
70,DBSB_3,3.8,331.7,3.17e-08,7.530000000000001e+34,4550.7,1.9,5.35,107.579,-18.434,0.033,43,-1.937,2.696,0.281,NN,6.58,1.57,12.55,3238.0,-2011.0,-2526.0,-241.0,10655.0,[DBS2003] 3,107.579,-18.434,231.46826241611043,-4.28504038403904
71,DBSB_43,24.5,256.9,3.76e-09,7.209999999999999e+33,3769.1,1.88,4.82,150.962,-59.232,0.022,26,-5.056,3.142,0.187,NN,7.39,2.33,13.45,4907.0,1096.0,-4776.0,-259.0,8676.0,[DBS2003] 43,150.962,-59.232,282.9269944926697,-3.033210726192108
72,DBSB_60,5.6,252.5,1.48e-08,3.3100000000000003e+34,3521.3,2.03,5.58,166.385,-62.482,0.03,26,-5.229,1.874,0.202,tooRed,,,,,,,,,[DBS2003] 60,166.385,-62.482,291.03759250994824,-2.0813723931386336
73,DC_5,1.1,1885.2,2.42e-06,7.869999999999999e+36,23961.6,2.74,5.35,159.996,-59.192,0.031,125,-5.356,2.396,0.198,tooRed,,,,,,,,,[D2005c] DC5,159.996,-59.192,286.7952152442928,-0.5023183197916536
74,Danks_1,1.0,4358.2,8.53e-05,7.76e+37,54214.2,5.57,7.13,198.121,-62.699,0.02,57,-7.02,-0.499,0.159,tooRed,,,,,,,,,Cl Danks 1,198.1211,-62.699,305.3425255287079,0.07420120646419881
75,Danks_2,2.0,7811.8,3.85e-05,7.009999999999999e+37,96204.2,5.37,6.03,198.222,-62.681,0.013,56,-7.016,-0.336,0.129,tooRed,,,,,,,,,Cl Danks 2,198.2221,-62.681,305.39018614478044,0.08831977699494926
76,Dias_5,9.5,297.9,2.33e-08,5.41e+34,4113.7,1.38,3.38,274.385,-19.707,0.078,61,1.798,-0.945,0.744,NN,6.98,0.94,10.58,1303.0,1276.0,262.0,-39.0,7068.0,Cl Dias 5,274.385,-19.707,11.614052048437234,-1.73563916097352
77,Dolidze_11,22.4,310.7,5.46e-09,1.07e+34,4526.3,2.34,3.93,306.682,41.372,0.026,28,-1.255,-4.26,0.49,tooRed,,,,,,,,,Cl Dolidze 11,306.682,41.372,79.55133273196107,1.8120749185323626
78,Dolidze_16,16.6,215.8,6.96e-09,1.46e+34,3072.6,1.39,4.16,78.623,32.707,0.13,48,-0.063,-2.602,0.762,NN,7.22,0.86,10.62,1332.0,-1321.0,158.0,-81.0,9662.0,Cl Dolidze 16,78.623,32.707,173.17027538839767,-3.498854128468946
79,Dolidze_3,8.9,131.2,1.34e-05,2.31e+37,1918.9,1.68,3.94,303.803,36.832,0.094,16,-2.875,-5.613,0.496,NN,6.95,2.1,11.6,2086.0,555.0,2010.0,39.0,8039.0,Cl Dolidze 3,303.803,36.832,74.54487295041504,1.0728305149387716
80,Dolidze_53,6.9,194.5,7.05e-09,1.5e+34,2757.3,2.31,4.29,296.588,24.613,0.044,30,-1.494,-4.609,0.478,NN,6.84,2.96,11.74,2228.0,1083.0,1947.0,-4.0,7513.0,Cl Dolidze 53,296.588,24.613,60.90472427221573,-0.12100027350742895
81,Dolidze_8,15.5,77.9,3.82e-10,6.33e+32,1192.1,1.43,4.47,306.129,42.3,0.083,39,-2.633,-5.91,0.993,NN,7.19,2.22,10.11,1053.0,181.0,1036.0,49.0,8224.0,Cl Dolidze 8,306.129,42.3,80.07160605447153,2.6842334608838416
82,FSR_0158,10.2,150.2,3.15e-09,6.3e+33,2174.1,2.59,3.6,296.99,26.04,0.018,14,-2.748,-5.432,0.139,NN,7.01,4.39,13.94,6131.0,2848.0,5429.0,30.0,7722.0,[FSR2007] 0158,296.99,26.04,62.320440091474865,0.2840834008121388
83,FSR_0165,15.5,1043.0,3.89e-08,8.29e+34,14775.7,3.27,5.53,299.546,26.761,0.066,60,-2.782,-5.558,0.376,NN,7.19,2.79,11.93,2429.0,1060.0,2185.0,-55.0,7600.0,[FSR2007] 0165,299.546,26.761,64.11507852486056,-1.3098879265867243
84,FSR_0198,4.7,451.0,7.51e-08,1.9e+35,6082.4,1.48,5.83,300.614,35.681,0.127,82,-3.56,-6.611,0.486,NN,6.67,2.49,11.69,2181.0,666.0,2074.0,99.0,7948.0,[FSR2007] 0198,300.614,35.681,72.18196244031307,2.608813394696782
85,FSR_0398,18.2,211.6,5.65e-09,1.16e+34,3034.3,1.32,4.29,339.135,64.153,0.084,55,-3.218,-1.109,1.043,NN,7.26,2.01,9.81,917.0,-295.0,864.0,80.0,8678.0,[FSR2007] 0398,339.135,64.153,108.86911915565173,5.028732080800938
86,FSR_0451,13.5,1230.5,6.15e-08,1.36e+35,17251.4,1.63,9.87,357.955,60.916,0.214,164,-3.216,-1.907,0.32,NN,7.13,1.99,12.56,3252.0,-1412.0,2929.0,-63.0,10183.0,[FSR2007] 0451,357.955,60.916,115.74823991037951,-1.121504932261428
87,FSR_0534,25.7,567.3,7.58e-09,1.44e+34,8354.1,2.32,5.67,19.349,61.273,0.102,53,-0.425,-0.281,0.335,NN,7.41,2.05,12.27,2842.0,-1672.0,2297.0,-71.0,10272.0,[FSR2007] 0534,19.349,61.273,126.0468837324215,-1.4416537741024937
88,FSR_0551,13.5,203.7,8.1e-09,1.74e+34,2878.7,1.13,3.37,24.938,64.878,0.095,44,0.112,-1.422,1.063,NN,7.13,1.06,9.95,976.0,-601.0,768.0,42.0,8974.0,[FSR2007] 0551,24.938,64.878,128.03346201200466,2.485887462957538
89,FSR_0826,4.6,229.3,1.13e-08,2.5e+34,3215.7,1.98,6.26,85.765,28.989,0.107,22,-0.535,-1.585,0.281,NN,6.66,2.78,13.41,4812.0,-4812.0,28.0,-37.0,13152.0,[FSR2007] 0826,85.765,28.989,179.66194085135555,-0.44950197050933505
90,FSR_0833,16.6,230.3,7.43e-09,1.56e+34,3279.8,2.31,6.42,91.32,30.827,0.038,24,-0.036,-0.807,0.186,NN,7.22,1.36,13.42,4836.0,-4820.0,-42.0,390.0,13160.0,[FSR2007] 0833,91.32,30.827,180.5097282736436,4.633689807746616
91,FSR_0904,21.9,515.7,9.49e-09,1.8700000000000002e+34,7500.7,1.58,11.17,91.774,19.021,0.087,93,-0.448,-1.107,0.446,NN,7.34,1.86,11.82,2311.0,-2268.0,-442.0,-30.0,10617.0,[FSR2007] 0904,91.774,19.021,191.03247160809565,-0.7543623939908752
92,FSR_1117,15.5,47.7,6.3e-11,7.26e+31,767.4,1.21,3.14,94.159,-8.945,0.09,26,-3.711,0.704,1.049,NN,7.19,1.52,9.8,911.0,-712.0,-537.0,-185.0,9067.0,[FSR2007] 1117,94.159,-8.945,217.046474103916,-11.764507885535302
93,FSR_1297,5.0,147.5,3e-09,5.97e+33,2136.4,1.72,2.84,110.984,-25.879,0.049,25,-2.775,3.314,0.754,tooRed,,,,,,,,,[FSR2007] 1297,110.984,-25.879,239.55307642854495,-4.925472715737517
94,FSR_1335,11.2,151.0,3.2e-09,6.399999999999999e+33,2185.0,2.2,4.99,123.012,-28.986,0.014,15,-2.67,3.172,0.131,NN,7.05,1.03,14.21,6961.0,-2645.0,-6430.0,328.0,12729.0,[FSR2007] 1335,123.012,-28.986,247.63599244174804,2.7078554207850822
95,FSR_1342,25.7,636.8,8.51e-09,1.61e+34,9377.4,2.03,4.51,119.487,-31.511,0.036,66,-2.375,2.693,0.229,NN,7.41,2.42,13.21,4384.0,-1632.0,-4068.0,-93.0,10770.0,[FSR2007] 1342,119.487,-31.511,248.13888315054967,-1.2153414296187433
96,FSR_1352,3.5,145.9,2.92e-09,5.799999999999999e+33,2115.6,1.89,4.85,116.614,-34.287,0.033,16,-1.981,3.148,0.24,NN,6.54,2.57,12.81,3643.0,-1283.0,-3397.0,-298.0,10205.0,[FSR2007] 1352,116.614,-34.287,249.2977965304203,-4.705783598644113
97,FSR_1435,1.0,401.7,5.46e-08,1.35e+35,5451.6,2.38,5.56,134.218,-43.757,0.084,47,-3.9,2.732,0.436,tooRed,,,,,,,,,[FSR2007] 1435,134.218,-43.757,264.84271037109147,1.0978069667865171
98,Graham_1,15.5,261.8,9.75e-09,2.0800000000000003e+34,3708.6,3.55,7.65,164.134,-63.018,0.028,14,-6.324,2.178,0.218,NN,7.19,2.29,12.76,3558.0,1233.0,-3332.0,-185.0,7848.0,NAME Graham 1,164.1341,-63.018,290.3193360733237,-2.9948913641769757
99,Gulliver_10,9.3,79.3,4.12e-10,6.87e+32,1211.8,1.03,2.76,123.09,-38.676,0.183,42,-4.443,4.965,1.652,NN,6.97,0.62,8.94,613.0,-150.0,-593.0,-27.0,8511.0,Cl Gulliver 10,123.09,-38.676,255.77127018557653,-2.5613222099210455
100,Gulliver_2,6.6,229.8,1.14e-08,2.5100000000000003e+34,3222.2,1.15,7.25,122.883,-37.404,0.073,59,-4.951,4.576,0.696,NN,6.82,0.51,10.69,1375.0,-364.0,-1325.0,-48.0,8805.0,Cl Gulliver 2,122.883,-37.404,254.61719420393166,-2.000263752078671
101,Gulliver_29,10.7,1590.8,1.33e-07,3.1e+35,21921.7,1.35,5.18,256.745,-35.205,0.679,342,1.325,-2.206,0.905,NN,7.03,1.02,10.36,1180.0,1161.0,-199.0,67.0,7181.0,Cl Gulliver 29,256.745,-35.205,350.2295347931574,3.2799470687243546
102,Gulliver_46,11.7,698.8,4.74e-08,1.08e+35,9695.9,2.66,13.71,186.234,-61.973,0.024,64,-6.946,0.125,0.181,NN,7.07,2.67,13.31,4587.0,2281.0,-3979.0,59.0,7248.0,Cl Gulliver 46,186.2341,-61.973,299.8238403570917,0.73871249532511
103,Gulliver_48,18.2,640.0,1.71e-08,3.5100000000000004e+34,9178.5,1.96,3.22,316.334,50.733,0.28,98,-4.781,-6.671,1.058,NN,7.26,2.87,10.09,1042.0,-18.0,1041.0,44.0,8423.0,Cl Gulliver 48,316.334,50.733,91.03287191222056,2.425772982728676
104,Gulliver_6,16.6,353.0,1.14e-08,2.39e+34,5027.1,0.99,4.65,83.278,-1.652,0.517,318,-0.007,-0.207,2.367,NN,7.22,0.25,8.03,403.0,-346.0,-163.0,-125.0,8688.0,Cl Gulliver 6,83.278,-1.652,205.24579147582318,-18.137495566467205
105,Gulliver_8,21.4,102.7,9.51e-10,1.72e+33,1534.7,1.24,5.89,80.56,33.792,0.102,29,-0.156,-2.982,0.872,NN,7.33,0.52,10.28,1137.0,-1128.0,134.0,-30.0,9469.0,Cl Gulliver 8,80.56,33.792,173.2132198243119,-1.5497024851538008
106,Gulliver_9,17.8,276.3,7.73e-09,1.6000000000000001e+34,3956.0,0.45,5.05,126.998,-47.929,0.969,252,-5.992,6.915,1.985,manual,7.25,0.42,8.74,559.0,-48.0,-555.0,-52.0,8406.0,Cl Gulliver 9,126.998,-47.929,265.0368942452663,-5.429164230520957
107,Haffner_13,20.4,231.6,4.9e-09,9.789999999999999e+33,3350.8,0.42,5.23,115.209,-30.073,0.327,197,-6.184,5.879,1.742,NN,7.31,0.0,8.75,562.0,-236.0,-508.0,-35.0,8591.0,Cl Haffner 13,115.209,-30.073,245.03560456299167,-3.6563374486211115
108,Haffner_15,25.7,1233.1,1.65e-08,3.12e+34,18158.1,2.01,9.57,116.38,-32.846,0.031,151,-2.154,3.289,0.238,NN,7.41,3.13,12.91,3811.0,-1427.0,-3523.0,-276.0,10383.0,Cl Haffner 15,116.38,-32.846,247.94671065118413,-4.158089330738898
109,Haffner_18,14.1,702.3,3.18e-08,6.94e+34,9880.4,2.83,6.19,118.168,-26.387,0.032,62,-2.548,2.67,0.185,NN,7.15,1.52,13.53,5083.0,-2295.0,-4535.0,39.0,11561.0,Cl Haffner 18,118.168,-26.387,243.15705416310652,0.4490130636832414
110,Havlen_Moffat_1,8.9,666.1,8.57e-08,2.1e+35,9054.4,4.24,11.11,259.752,-38.817,0.019,25,-1.047,-2.552,0.211,tooRed,,,,,,,,,Cl HM 1,259.752,-38.817,348.7152790832133,-0.7839930207271854
111,Hogg_10,6.1,120.1,1.58e-09,2.99e+33,1768.8,1.97,3.35,167.663,-60.385,0.032,11,-6.201,1.754,0.382,notEnoughStars,,,,,,,,,Cl Hogg 10,167.6631,-60.385,290.7873040280338,0.08836551158838195
112,Hogg_15,2.2,1064.0,1.27e-05,8.84e+36,13784.9,2.84,10.66,190.906,-63.101,0.064,72,-6.018,-0.461,0.266,NN,6.34,3.4,12.4,3020.0,1602.0,-2560.0,-12.0,7207.0,Cl Hogg 15,190.9061,-63.101,302.04826294187103,-0.24266318822401348
113,Hogg_19,18.6,333.2,8.48e-09,1.73e+34,4786.4,1.95,5.28,247.236,-49.11,0.046,34,-2.05,-3.125,0.369,NN,7.27,2.14,12.04,2558.0,2319.0,-1077.0,-13.0,6115.0,Cl Hogg 19,247.236,-49.11,335.0803545102857,-0.3078792453343498
114,IC_1396,12.0,614.2,3.95e-08,8.970000000000001e+34,8537.3,1.1,7.1,324.745,57.514,0.297,403,-2.355,-4.495,1.066,NN,7.08,1.59,9.79,905.0,-146.0,891.0,59.0,8532.0,IC 1396,324.745,57.514,99.30898619044753,3.7552195035147165
115,IC_1442,19.5,1018.6,2.36e-08,4.78e+34,14684.6,2.41,4.99,333.978,53.995,0.115,95,-3.341,-3.283,0.259,NN,7.29,1.17,12.65,3386.0,-660.0,3318.0,-129.0,9593.0,IC 1442,333.978,53.995,101.26094229904812,-2.2004610080517146
116,IC_1590,6.2,567.2,1.43e-07,3.79e+35,7558.5,1.97,9.38,13.205,56.629,0.055,97,-2.368,-1.449,0.339,NN,6.79,1.13,12.37,2980.0,-1618.0,2481.0,-324.0,10263.0,IC 1590,13.205,56.629,123.12311535919831,-6.242231732411347
117,IC_1805,7.6,891.2,1.71e-07,4.3899999999999996e+35,11971.2,2.34,13.82,38.21,61.471,0.111,106,-0.702,-0.669,0.449,NN,6.88,2.22,11.47,1964.0,-1382.0,1395.0,32.0,9821.0,IC 1805,38.21,61.471,134.73309652580852,0.9446146720001674
118,IC_1848,15.8,1846.8,6.56e-08,1.3899999999999998e+35,26207.5,1.58,8.28,42.855,60.419,0.2,279,-0.372,-0.315,0.415,NN,7.2,1.75,11.9,2398.0,-1760.0,1628.0,38.0,10230.0,IC 1848,42.855,60.419,137.22164453313852,0.9195536229877546
119,IC_2391,28.8,159.7,1.7e-09,3.13e+33,2372.1,0.28,3.43,130.292,-52.991,0.814,222,-24.644,23.316,6.582,NN,7.46,0.04,5.86,148.0,0.0,-147.0,-17.0,8340.0,IC 2391,130.2922,-52.9911,270.38641414207893,-6.737090536239539
120,IC_2395,20.4,388.9,8.22e-09,1.64e+34,5626.5,0.51,5.85,130.531,-48.09,0.209,291,-4.464,3.293,1.379,NN,7.31,0.51,9.23,702.0,-41.0,-699.0,-44.0,8410.0,IC 2395,130.531,-48.09,266.5794328615321,-3.6271697580793294
121,IC_2581,10.2,541.4,5.03e-08,1.19e+35,7435.0,1.71,9.19,156.867,-57.626,0.059,103,-7.275,3.594,0.352,NN,7.01,1.17,12.02,2535.0,638.0,-2454.0,1.0,8082.0,IC 2581,156.8671,-57.626,284.59109184010396,0.025999040554193942
122,IC_348,11.7,101.3,9.17e-10,1.6599999999999998e+33,1514.8,1.52,2.53,56.132,32.159,0.096,139,4.483,-6.447,3.079,NN,7.07,1.91,7.64,337.0,-303.0,107.0,-103.0,8643.0,IC 348,56.132,32.159,160.48626346099985,-17.81080118002028
123,IC_4996,11.2,436.6,3.28e-08,7.58e+34,6037.4,1.55,7.56,304.135,37.649,0.028,69,-2.681,-5.348,0.487,NN,7.05,1.5,11.55,2043.0,515.0,1976.0,46.0,8069.0,IC 4996,304.135,37.649,75.37076517108848,1.3084911112140258
124,IC_5146,1.0,77.0,3.79e-10,6.2700000000000004e+32,1178.2,1.29,5.57,328.372,47.246,0.068,105,-2.91,-2.49,1.213,tooRed,,,,,,,,,IC 5146,328.372,47.246,94.38199497553998,-5.520369768971024
125,Juchert_18,24.5,213.3,3.12e-09,5.98e+33,3129.2,1.72,4.42,97.864,6.804,0.025,25,0.059,0.057,0.148,NN,7.39,2.02,13.79,5733.0,-5211.0,-2385.0,-131.0,13759.0,Juchert 18,97.864,6.804,204.60020157071415,-1.3139055664873331
126,Juchert_19,8.1,215.0,9.47e-09,2.06e+34,3027.7,2.52,9.33,60.585,52.446,0.025,21,-0.141,0.176,0.102,NN,6.91,3.33,13.83,5822.0,-5028.0,2933.0,-19.0,13687.0,Juchert 19,60.585,52.446,149.73959465155409,-0.19515889031526454
127,Juchert_3,1.0,2157.7,3.16e-06,1.0499999999999999e+37,27306.8,4.95,5.42,286.886,6.279,0.028,60,-1.509,-3.985,0.283,tooRed,,,,,,,,,Juchert 3,286.886,6.279,40.35377719614323,-0.7017303221571508
128,Juchert_9,11.5,334.6,2.39e-08,5.480000000000001e+34,4635.2,1.97,6.03,58.84,58.391,0.02,34,-0.223,-0.033,0.186,NN,7.06,2.25,13.39,4770.0,-3905.0,2722.0,306.0,12544.0,Juchert 9,58.84,58.391,145.12168181546173,3.6804361865379676
129,King_10,17.4,1848.8,5.42e-08,1.13e+35,26419.9,2.33,9.21,343.748,59.17,0.039,201,-2.722,-2.088,0.259,NN,7.24,3.43,12.97,3931.0,-1247.0,3728.0,-27.0,10286.0,Cl King 10,343.748,59.17,108.49351759161647,-0.3978795167221037
130,King_12,18.6,675.3,1.72e-08,3.5100000000000004e+34,9700.9,2.65,7.35,358.265,61.953,0.054,56,-3.416,-1.42,0.296,NN,7.27,1.85,12.47,3126.0,-1376.0,2806.0,-7.0,10113.0,Cl King 12,358.265,61.953,116.12762957644827,-0.1450721461006819
131,Koposov_53,16.2,485.1,1.64e-08,3.46e+34,6895.8,2.25,4.96,92.221,26.264,0.039,41,0.242,-0.632,0.18,NN,7.21,1.53,13.56,5143.0,-5116.0,-438.0,280.0,13463.0,[KGZ2008] 53,92.221,26.264,184.89678070827725,3.1205100554926366
132,Kronberger_1,6.0,321.2,2.89e-08,6.810000000000001e+34,4415.6,2.11,6.07,82.089,34.777,0.014,32,-0.05,-2.199,0.443,NN,6.78,2.05,11.84,2338.0,-2321.0,280.0,2.0,10665.0,Kronberger 1,82.089,34.777,173.10618825950195,0.048631543038174865
133,LDN_988e,4.7,14.8,1.02e-12,2.79e+29,276.7,1.7,2.97,316.027,50.245,0.024,33,1.181,-3.56,1.596,tooRed,,,,,,,,,NAME [C86] L988 e Cluster,316.027,50.245,90.53879647449763,2.2452395120603303
134,LP_403,26.3,978.4,1.25e-08,2.36e+34,14433.7,1.64,4.73,161.024,-58.095,0.095,125,-7.047,2.935,0.37,NN,7.42,1.35,12.21,2764.0,796.0,-2647.0,34.0,7994.0,[LP2019] 403,161.0241,-58.095,286.7431748308622,0.7170152471598726
135,L_1641S,4.2,118.4,1.52e-09,2.87e+33,1746.1,1.93,3.24,85.675,-8.133,0.143,99,0.013,-0.39,2.288,tooRed,,,,,,,,,NAME LDN 1641S Cluster,85.675,-8.133,212.48015967419914,-18.954082401545882
136,Lynga_6,3.1,454.1,7.68e-08,1.95e+35,6122.4,2.62,5.65,241.218,-51.96,0.056,30,-1.866,-2.757,0.383,NN,6.49,3.51,11.92,2422.0,2105.0,-1198.0,12.0,6348.0,Cl Lynga 6,241.218,-51.96,330.3520671188998,0.3027389399248132
137,Mamajek_1,9.8,26.9,7.96e-12,4.4699999999999997e+30,462.4,1.09,2.68,130.637,-78.963,0.362,20,-29.834,26.99,10.13,notEnoughStars,,,,,,,,,Cl Mamajek 1,130.6377,-78.9631,292.43537545344515,-21.601267318258483
138,Markarian_38,15.8,66.3,2.1e-10,3.21e+32,1031.2,1.42,3.22,273.819,-18.997,0.044,17,0.845,-2.277,0.567,NN,7.2,0.84,11.28,1802.0,1762.0,374.0,-29.0,6587.0,Cl Mrk 38,273.819,-18.997,11.985062317245367,-0.9283548469166848
139,Markarian_50,11.5,307.3,1.2e-05,9.24e+36,4256.0,1.66,5.59,348.806,60.448,0.035,38,-3.465,-2.56,0.323,NN,7.06,2.35,12.53,3198.0,-1163.0,2979.0,-13.0,9959.0,Cl Mrk 50,348.806,60.448,111.33471473935604,-0.2391148054705712
140,Mayer_1,28.8,230.3,2.45e-09,4.52e+33,3422.2,1.63,5.62,5.502,61.751,0.101,33,-3.341,-1.426,0.353,NN,7.46,1.29,12.09,2618.0,-1287.0,2280.0,-42.0,9893.0,NAME Mayer 1,5.502,61.751,119.4565810640211,-0.9220039775779465
141,Muzzio_1,7.8,265.2,1.68e-08,3.82e+34,3688.3,2.26,6.55,134.478,-47.761,0.124,26,-5.261,4.224,0.519,NN,6.89,3.2,11.35,1858.0,-64.0,-1856.0,-44.0,8607.0,NAME Muzzio 1,134.478,-47.761,268.0000532261688,-1.3715412149502697
142,NGC_1444,9.8,132.3,2.13e-09,4.13e+33,1934.0,1.86,5.55,57.361,52.658,0.056,18,-0.746,-1.829,0.832,NN,6.99,1.8,10.34,1167.0,-991.0,617.0,-26.0,9351.0,NGC 1444,57.361,52.658,148.09972805007567,-1.2899284840781573
143,NGC_1502,10.5,887.9,7.81e-08,1.84e+35,12214.5,1.7,6.12,61.954,62.332,0.081,150,-0.571,-0.848,0.916,NN,7.02,1.92,10.34,1171.0,-935.0,687.0,156.0,9300.0,NGC 1502,61.954,62.332,143.67062027100974,7.656453016469142
144,NGC_1579,3.8,234.9,1.21e-08,2.69e+34,3289.7,2.24,2.79,67.514,35.325,0.112,54,2.477,-4.945,1.81,tooRed,,,,,,,,,NGC 1579,67.514,35.325,165.29245514881865,-8.998748507326791
145,NGC_1624,4.5,312.4,2.68e-08,6.28e+34,4300.8,3.05,3.98,70.162,50.458,0.032,10,0.006,-0.456,0.145,notEnoughStars,,,,,,,,,NGC 1624,70.162,50.458,155.36502383263897,2.6109331587717564
146,NGC_1893,4.4,1205.1,9.57e-07,2.91e+36,15548.1,2.14,8.23,80.724,33.444,0.085,123,-0.231,-1.41,0.267,NN,6.64,1.28,12.54,3222.0,-3200.0,360.0,-91.0,11546.0,NGC 1893,80.724,33.444,173.57752427381897,-1.634193518352815
147,NGC_1960,28.2,886.1,9.87e-09,1.8300000000000001e+34,13142.7,1.18,5.9,84.084,34.135,0.086,280,-0.155,-3.388,0.835,NN,7.45,0.63,10.33,1162.0,-1157.0,110.0,21.0,9498.0,NGC 1960,84.084,34.135,174.54272995312834,1.0755900030283398
148,NGC_1980,13.2,130.4,2.03e-09,3.92e+33,1908.9,0.95,2.85,83.81,-5.924,0.151,121,1.215,0.54,2.586,NN,7.12,0.7,7.88,377.0,-309.0,-175.0,-126.0,8650.0,NGC 1980,83.81,-5.924,209.51256538053934,-19.632678194959205
149,NGC_2129,16.6,466.7,1.51e-08,3.16e+34,6646.3,1.63,12.97,90.275,23.328,0.05,73,0.266,-2.216,0.491,NN,7.22,1.88,11.57,2056.0,-2042.0,-236.0,5.0,10385.0,NGC 2129,90.275,23.328,186.59433206753604,0.14375126094722515
150,NGC_2169,12.3,198.9,7.52e-09,1.61e+34,2815.6,1.2,4.77,92.125,13.951,0.076,58,-1.068,-1.655,0.982,NN,7.09,0.85,10.15,1072.0,-1031.0,-288.0,-54.0,9375.0,NGC 2169,92.125,13.951,195.6315887800809,-2.920112234309011
151,NGC_2183,17.4,72.9,3e-10,4.81e+32,1123.2,1.0,2.91,92.717,-6.213,0.139,52,-3.605,0.447,1.211,NN,7.24,1.6,9.56,815.0,-662.0,-444.0,-167.0,9013.0,NAME NGC 2183 Cluster,92.717,-6.213,213.89750757369518,-11.838400916303275
152,NGC_2232,17.8,179.0,5.01e-09,1.03e+34,2561.8,0.4,4.59,96.888,-4.749,0.516,188,-4.745,-1.84,3.067,NN,7.25,0.01,7.49,315.0,-257.0,-176.0,-40.0,8599.0,NGC 2232,96.888,-4.749,214.45813731163668,-7.47085410198396
153,NGC_2244,12.6,2096.9,1.22e-07,2.7299999999999997e+35,29244.9,1.45,8.62,98.045,4.914,0.232,460,-1.598,0.179,0.617,manual,7.1,1.46,10.85,1478.0,-1324.0,-656.0,-52.0,9686.0,NGC 2244,98.045,4.914,206.36070220356083,-2.0265244810880834
154,NGC_2264,27.5,291.5,3.4e-09,6.34e+33,4316.0,1.03,4.22,100.217,9.877,0.072,161,-1.69,-3.727,1.354,NN,7.44,0.79,9.25,707.0,-650.0,-275.0,26.0,8995.0,NGC 2264,100.217,9.877,202.94067856881676,2.165901704240085
155,NGC_2362,5.8,591.7,1.61e-07,4.3e+35,7868.7,1.14,5.29,109.671,-24.954,0.052,144,-2.791,2.953,0.742,NN,6.76,0.37,10.64,1341.0,-703.0,-1134.0,-129.0,9114.0,NGC 2362,109.671,-24.954,238.1780683060376,-5.547644894247436
156,NGC_2367,14.1,194.0,6.94e-09,1.47e+34,2751.6,1.53,7.33,110.031,-21.867,0.046,35,-1.668,2.538,0.395,NN,7.15,1.34,11.79,2276.0,-1283.0,-1873.0,-151.0,9804.0,NGC 2367,110.031,-21.867,235.58601228654686,-3.825643291951388
157,NGC_2414,17.8,1242.5,3.48e-08,7.18e+34,17786.3,2.2,6.35,113.293,-15.449,0.043,117,-1.41,1.426,0.162,NN,7.25,1.48,13.61,5273.0,-3287.0,-4119.0,178.0,12335.0,NGC 2414,113.293,-15.449,231.4044548181085,1.9417404008776664
158,NGC_2439,11.7,2711.8,1.84e-07,4.19e+35,37625.5,1.42,17.13,115.194,-31.694,0.071,489,-2.283,3.159,0.232,NN,7.07,1.33,12.85,3707.0,-1477.0,-3388.0,-288.0,10385.0,NGC 2439,115.194,-31.694,246.44573197651002,-4.462160870730406
159,NGC_2453,25.1,720.1,1.01e-08,1.92e+34,10585.0,1.8,13.74,116.894,-27.194,0.033,108,-2.336,3.414,0.205,NN,7.4,1.26,13.26,4486.0,-2017.0,-4006.0,-73.0,11105.0,NGC 2453,116.894,-27.194,243.27343348721553,-0.9405860140074582
160,NGC_2571,26.9,460.0,5.61e-09,1.05e+34,6798.4,0.99,5.82,124.723,-29.775,0.127,150,-4.902,4.246,0.732,NN,7.43,0.29,10.62,1329.0,-473.0,-1240.0,81.0,8899.0,NGC 2571,124.723,-29.775,249.12168206430553,3.5106988935545096
161,NGC_2645,25.7,196.1,2.62e-09,4.97e+33,2887.3,1.49,6.19,129.774,-46.235,0.043,36,-5.887,5.071,0.523,NN,7.41,1.0,11.23,1763.0,-159.0,-1754.0,-89.0,8679.0,NGC 2645,129.774,-46.235,264.7929290887392,-2.9028567753126406
162,NGC_3105,21.9,909.0,1.67e-08,3.2900000000000004e+34,13220.9,2.94,11.39,150.169,-54.79,0.018,84,-4.161,2.714,0.104,NN,7.34,2.66,14.53,8071.0,1390.0,-7951.0,37.0,10560.0,NGC 3105,150.169,-54.79,279.91870214423255,0.26450500230071455
163,NGC_3293,10.2,2051.5,1.9e-07,4.5e+35,28173.4,1.52,14.35,158.97,-58.231,0.066,330,-7.671,3.344,0.376,NN,7.01,0.9,12.17,2710.0,740.0,-2607.0,3.0,8034.0,NGC 3293,158.9701,-58.231,285.86008694278337,0.07470494457307933
164,NGC_3324,10.7,443.5,3.7e-08,8.65e+34,6112.1,2.76,10.42,159.341,-58.615,0.049,41,-7.112,2.782,0.356,NN,7.03,1.19,11.89,2389.0,667.0,-2294.0,-6.0,8008.0,NGC 3324,159.3411,-58.615,286.2186592356627,-0.16326172332081546
165,NGC_3572,4.8,542.8,1.26e-07,3.3199999999999997e+35,7249.3,1.51,7.38,167.64,-60.294,0.074,75,-6.261,1.893,0.376,NN,6.68,1.53,11.95,2455.0,869.0,-2296.0,7.0,7815.0,NGC 3572,167.6401,-60.294,290.74228271154135,0.16826091315321404
166,NGC_3590,26.3,906.5,1.16e-08,2.1800000000000003e+34,13372.3,1.48,10.7,168.262,-60.79,0.034,167,-6.1,1.013,0.361,NN,7.42,1.3,12.11,2638.0,954.0,-2459.0,-8.0,7784.0,NGC 3590,168.2621,-60.79,291.2117862747514,-0.17691469964695786
167,NGC_3603,1.0,4808.4,7.21e-05,4.6e+37,59700.4,3.09,13.31,168.795,-61.259,0.039,272,-5.543,1.961,0.076,tooRed,,,,,,,,,NGC 3603,168.795,-61.259,291.6239856283267,-0.5185576136734845
168,NGC_366,25.7,1024.4,1.37e-08,2.6e+34,15085.4,1.83,8.43,16.624,62.219,0.038,130,-2.071,-0.425,0.355,NN,7.41,3.1,12.14,2677.0,-1523.0,2201.0,-28.0,10106.0,NGC 366,16.624,62.219,124.6856523472342,-0.601461789156642
169,NGC_3766,22.9,2427.6,4.08e-08,7.940000000000001e+34,35431.2,1.36,14.35,174.061,-61.616,0.116,531,-6.731,0.961,0.459,NN,7.36,0.66,11.64,2123.0,867.0,-1938.0,-1.0,7719.0,NGC 3766,174.0611,-61.616,294.1203074898068,-0.037411447184732764
170,NGC_4103,20.9,1483.2,2.99e-08,5.9600000000000005e+34,21495.8,1.39,12.33,181.628,-61.245,0.115,313,-6.184,0.075,0.473,NN,7.32,0.85,11.57,2060.0,953.0,-1826.0,41.0,7609.0,NGC 4103,181.6281,-61.245,297.5544063448964,1.1568009383790723
171,NGC_4463,28.8,304.5,3.24e-09,5.97e+33,4524.3,1.37,13.22,187.466,-64.8,0.057,67,-5.326,-0.435,0.523,NN,7.46,1.53,11.28,1804.0,919.0,-1551.0,-63.0,7581.0,NGC 4463,187.4661,-64.8,300.6368399714636,-2.024439716424043
172,NGC_457,20.9,2938.2,5.93e-08,1.18e+35,42582.2,1.37,14.66,19.887,58.278,0.125,509,-1.586,-0.661,0.318,NN,7.32,1.42,12.2,2749.0,-1635.0,2199.0,-210.0,10215.0,NGC 457,19.887,58.278,126.63114947428231,-4.391701284726972
173,NGC_4755,12.0,3290.4,2.12e-07,4.81e+35,45732.7,1.41,12.13,193.415,-60.371,0.086,595,-4.647,-1.134,0.462,NN,7.08,1.22,11.5,1992.0,1090.0,-1665.0,86.0,7438.0,NGC 4755,193.415,-60.371,303.2068178694468,2.499564519094877
174,NGC_5606,18.2,307.6,8.21e-09,1.69e+34,4411.5,1.8,6.8,216.946,-59.632,0.034,36,-4.88,-2.897,0.374,NN,7.26,1.69,11.98,2493.0,1757.0,-1767.0,43.0,6815.0,NGC 5606,216.946,-59.632,314.8407412429904,0.9934669284323797
175,NGC_581,27.5,725.0,8.45e-09,1.58e+34,10734.0,2.29,12.97,23.339,60.659,0.062,131,-1.384,-0.497,0.373,NN,7.44,1.09,11.99,2502.0,-1541.0,1969.0,-78.0,10075.0,NGC 581,23.339,60.659,128.047679070965,-1.7957142877581183
176,NGC_6178,16.6,176.3,5.13e-09,1.07e+34,2520.7,1.49,4.65,248.939,-45.635,0.08,34,0.521,-3.342,1.099,NN,7.22,0.52,9.8,913.0,849.0,-336.0,19.0,7498.0,NGC 6178,248.939,-45.635,338.4077189755347,1.2198338031024534
177,NGC_6193,5.1,1733.4,9.16e-07,2.6499999999999998e+36,22626.8,1.31,8.12,250.319,-48.777,0.156,428,1.278,-4.111,0.812,NN,6.71,1.72,10.51,1264.0,1160.0,-500.0,-34.0,7196.0,NGC 6193,250.319,-48.777,336.6941476818322,-1.5755912757579913
178,NGC_6231,13.8,3198.8,3.75e-05,4.15e+37,44922.7,1.64,12.58,253.545,-41.812,0.147,527,-0.529,-2.177,0.589,NN,7.14,1.07,10.84,1475.0,1414.0,-419.0,30.0,6938.0,NGC 6231,253.545,-41.812,343.4760233369337,1.1903513707068512
179,NGC_6249,20.4,336.9,7.12e-09,1.4200000000000002e+34,4874.4,1.34,3.66,254.445,-44.815,0.041,57,1.73,-3.428,0.788,NN,7.31,1.4,10.5,1261.0,1196.0,-399.0,-26.0,7155.0,NGC 6249,254.445,-44.815,341.54533764536336,-1.2011876708737956
180,NGC_6250,24.0,293.6,4.5e-09,8.669999999999999e+33,4301.0,1.21,5.51,254.497,-45.951,0.105,76,0.454,-2.379,0.988,NN,7.38,1.18,10.0,998.0,941.0,-330.0,-33.0,7405.0,NGC 6250,254.497,-45.951,340.6779238900673,-1.9360331742877996
181,NGC_6318,9.8,2205.2,2.28e-07,5.4599999999999994e+35,30181.0,2.67,7.37,259.044,-39.424,0.045,149,-0.74,-2.451,0.41,NN,6.99,3.46,11.73,2213.0,2164.0,-463.0,-26.0,6193.0,NGC 6318,259.044,-39.424,347.90246656525414,-0.6859780264036298
182,NGC_6322,14.8,325.4,1.34e-08,2.88e+34,4593.8,1.5,7.7,259.625,-42.937,0.066,60,0.183,-2.272,0.728,NN,7.17,1.92,10.69,1377.0,1330.0,-349.0,-73.0,7018.0,NGC 6322,259.625,-42.937,345.2848736217648,-3.071091449495914
183,NGC_6357,1.0,1387.8,1.34e-06,4.1799999999999995e+36,17800.2,3.61,11.86,261.185,-34.203,0.052,94,-0.854,-2.083,0.567,tooRed,,,,,,,,,NGC 6357,261.185,-34.203,353.1664382394219,0.889995755651768
184,NGC_6383,4.0,724.0,2.78e-07,7.75e+35,9534.7,1.24,5.51,263.673,-32.573,0.082,245,2.596,-1.708,0.873,NN,6.6,1.3,10.24,1117.0,1114.0,-84.0,1.0,7225.0,NGC 6383,263.673,-32.573,355.6720442981844,0.056867735449460596
185,NGC_6396,15.1,899.1,3.52e-08,7.5400000000000005e+34,12714.7,2.84,6.16,264.399,-35.013,0.029,58,-0.451,-2.05,0.353,NN,7.18,2.93,12.01,2519.0,2504.0,-265.0,-77.0,5841.0,NGC 6396,264.399,-35.013,353.94101909676573,-1.765748555504519
186,NGC_6451,25.7,1633.0,2.18e-08,4.14e+34,24046.7,2.86,9.63,267.675,-30.206,0.078,150,-0.105,-1.335,0.304,NN,7.41,2.2,12.22,2777.0,2776.0,-25.0,-77.0,5563.0,NGC 6451,267.675,-30.206,359.4828251403653,-1.6015618695731964
187,NGC_6531,12.9,670.0,3.7e-08,8.26e+34,9359.9,1.27,5.61,271.036,-22.505,0.118,158,0.525,-1.521,0.798,NN,7.11,0.67,10.33,1165.0,1154.0,155.0,-7.0,7186.0,NGC 6531,271.036,-22.505,7.655997116400679,-0.34752157275116347
188,NGC_654,9.8,2547.7,2.63e-07,6.31e+35,34868.0,1.67,13.97,26.008,61.883,0.053,329,-1.086,-0.265,0.313,NN,6.99,2.29,12.47,3125.0,-1970.0,2425.0,-19.0,10591.0,NGC 654,26.008,61.883,129.08617903085513,-0.35868853747677665
189,NGC_6561,18.6,297.8,7.58e-09,1.5500000000000001e+34,4278.3,1.39,6.22,272.659,-16.74,0.082,54,-0.002,-0.754,0.655,NN,7.27,0.95,10.85,1480.0,1439.0,343.0,29.0,6908.0,NGC 6561,272.659,-16.74,13.436231111437083,1.1227717898720018
190,NGC_659,15.5,1486.7,5.54e-08,1.18e+35,21061.4,2.83,7.58,26.108,60.679,0.064,138,-0.796,-0.257,0.287,NN,7.19,1.86,12.6,3317.0,-2103.0,2563.0,-88.0,10753.0,NGC 659,26.108,60.679,129.37797034688674,-1.5277925149196965
191,NGC_6611,2.1,1697.0,1.98e-06,6.34e+36,21637.2,2.28,8.58,274.688,-13.792,0.063,348,0.178,-1.576,0.566,tooRed,,,,,,,,,NGC 6611,274.688,-13.792,16.96145296794877,0.8105746247297391
192,NGC_6613,18.2,130.7,2.04e-09,3.94e+33,1913.7,1.41,4.24,274.989,-17.089,0.058,25,-0.508,-0.917,0.64,NN,7.26,1.11,10.85,1477.0,1432.0,362.0,-25.0,6917.0,NGC 6613,274.989,-17.089,14.192712658262629,-1.003016708543481
193,NGC_663,29.5,3820.9,3.88e-08,7.12e+34,56872.5,2.63,13.39,26.586,61.212,0.15,468,-1.11,-0.235,0.32,NN,7.47,2.18,12.35,2950.0,-1876.0,2276.0,-49.0,10466.0,NGC 663,26.586,61.212,129.49441200546798,-0.9582131745646534
194,NGC_6823,2.4,1369.6,1.3e-06,4.0599999999999996e+36,17574.7,2.19,7.03,295.794,23.321,0.074,140,-1.697,-5.304,0.446,NN,6.38,2.22,11.84,2330.0,1185.0,2006.0,-5.0,7430.0,NGC 6823,295.794,23.321,59.42304776932149,-0.1387281398666601
195,NGC_6834,19.1,1733.4,4.21e-08,8.56e+34,24945.5,1.84,12.87,298.052,29.399,0.05,211,-2.487,-5.094,0.272,NN,7.28,1.97,12.58,3283.0,1351.0,2992.0,67.0,7602.0,NGC 6834,298.052,29.399,65.69104181735715,1.1826298376320157
196,NGC_6871,5.5,2822.3,1.25e-06,3.53e+36,37026.6,1.63,10.75,301.548,35.765,0.371,430,-3.129,-6.437,0.514,NN,6.74,1.19,11.18,1720.0,512.0,1641.0,60.0,7997.0,NGC 6871,301.548,35.765,72.657650635482,2.012076326651955
197,NGC_6910,13.5,1193.8,5.97e-08,1.32e+35,16736.5,2.4,10.93,305.797,40.771,0.089,127,-3.415,-5.359,0.545,NN,7.13,2.83,11.19,1729.0,339.0,1695.0,60.0,8178.0,NGC 6910,305.797,40.771,78.67523215353462,2.01116408441763
198,NGC_6913,21.9,686.9,1.26e-08,2.49e+34,9990.0,2.15,6.35,305.943,38.487,0.106,71,-3.409,-5.771,0.553,NN,7.34,1.8,11.03,1608.0,365.0,1566.0,17.0,8126.0,NGC 6913,305.943,38.487,76.86763479554175,0.6098193450191615
199,NGC_7039,21.9,215.2,3.96e-09,7.799999999999999e+33,3129.6,1.07,5.12,317.663,45.597,0.144,109,-0.32,-2.542,1.293,NN,7.34,0.28,9.39,753.0,28.0,753.0,-22.0,8345.0,NGC 7039,317.663,45.597,87.84720807433627,-1.699524249309757
200,NGC_7067,6.2,822.1,2.68e-07,7.339999999999999e+35,10876.5,2.94,9.51,321.058,48.012,0.031,61,-3.089,-3.297,0.153,NN,6.79,2.27,13.61,5269.0,-110.0,5265.0,-154.0,9956.0,NGC 7067,321.058,48.012,91.199426058046,-1.6761368791976752
201,NGC_7128,26.3,1236.5,1.58e-08,2.9800000000000003e+34,18240.8,2.38,13.43,325.991,53.715,0.03,172,-4.026,-4.111,0.261,NN,7.42,2.59,13.12,4199.0,-536.0,4164.0,31.0,9805.0,NGC 7128,325.991,53.715,97.3436501385469,0.428074328797268
202,NGC_7129,21.4,95.6,7.59e-10,1.35e+33,1436.9,1.61,2.6,325.74,66.114,0.042,36,-1.759,-3.267,1.086,NN,7.33,1.78,9.72,878.0,-229.0,834.0,150.0,8610.0,NGC 7129,325.74,66.114,105.40302296392707,9.887075722440237
203,NGC_7160,14.5,211.8,9.05e-09,1.96e+34,2986.1,1.51,5.82,328.448,62.589,0.075,45,-3.472,-1.378,1.05,NN,7.16,1.07,9.78,903.0,-217.0,871.0,101.0,8601.0,NGC 7160,328.448,62.589,104.01396645738909,6.436957902642203
204,NGC_7235,9.3,1551.8,1.79e-07,4.3399999999999996e+35,21165.0,2.36,15.22,333.083,57.271,0.07,171,-3.757,-3.026,0.259,NN,6.97,2.37,12.98,3951.0,-868.0,3854.0,54.0,9982.0,NGC 7235,333.083,57.271,102.69225280817206,0.7893614280812505
205,NGC_7261,11.2,706.7,5.31e-08,1.23e+35,9772.1,2.5,9.54,335.056,58.128,0.051,76,-3.932,-2.909,0.278,NN,7.05,2.81,12.7,3462.0,-840.0,3358.0,55.0,9775.0,NGC 7261,335.056,58.128,104.04535065918552,0.9128412194728347
206,NGC_7380,4.2,810.7,3.74e-07,1.07e+36,10622.2,2.2,8.85,341.817,58.125,0.09,93,-2.517,-2.144,0.333,NN,6.62,1.59,12.86,3739.0,-1101.0,3573.0,-57.0,10094.0,NGC 7380,341.817,58.125,107.12817678485844,-0.8849309900824565
207,NGC_7510,19.5,2567.7,5.96e-08,1.1999999999999999e+35,37016.4,1.9,12.33,347.767,60.579,0.055,297,-3.664,-2.193,0.286,NN,7.29,2.86,12.34,2931.0,-1046.0,2738.0,3.0,9777.0,NGC 7510,347.767,60.579,110.90810820604153,0.07184639893639265
208,NGC_7788,17.4,941.2,2.76e-08,5.730000000000001e+34,13450.3,1.49,5.75,359.179,61.395,0.045,137,-3.112,-1.762,0.3,NN,7.24,1.42,12.37,2974.0,-1324.0,2663.0,-40.0,10024.0,NGC 7788,359.179,61.395,116.42964268632853,-0.7839878851327481
209,NGC_869,15.1,3678.7,1.44e-07,3.0899999999999997e+35,52022.7,2.31,14.41,34.741,57.134,0.136,503,-0.689,-1.082,0.399,NN,7.18,1.69,11.71,2197.0,-1540.0,1560.0,-143.0,10002.0,NGC 869,34.741,57.134,134.62565817328468,-3.7371915636317787
210,NGC_884,17.8,2293.3,6.42e-08,1.32e+35,32828.8,2.31,7.91,35.584,57.149,0.125,322,-0.628,-1.066,0.398,NN,7.25,1.72,11.64,2130.0,-1504.0,1502.0,-132.0,9958.0,NGC 884,35.584,57.149,135.05183480775838,-3.568282133656261
211,Negueruela_1,17.0,421.7,1.3e-08,2.71e+34,6015.2,2.08,14.98,356.849,63.219,0.022,52,-2.988,-1.343,0.289,NN,7.23,3.39,12.3,2879.0,-1252.0,2592.0,62.0,9936.0,NAME Cl Negueruela 1,356.849,63.219,115.79128242236256,1.2385701010662602
212,Patchick_94,3.5,3692.3,4.75e-06,1.5399999999999999e+37,46930.1,4.84,5.19,247.397,-47.31,0.016,25,-2.993,-3.697,0.208,tooRed,,,,,,,,,Patchick 94,247.397,-47.31,336.4579115384807,0.8557111279721266
213,Pismis_1,29.5,540.1,5.49e-09,1.01e+34,8039.5,1.91,5.38,124.58,-37.102,0.025,56,-2.611,3.966,0.145,NN,7.47,1.69,13.77,5666.0,-1455.0,-5475.0,-70.0,11222.0,Cl Pismis 1,124.58,-37.102,255.11587775854886,-0.7090759095964816
214,Pismis_11,3.3,590.5,1.6e-07,4.2899999999999996e+35,7852.2,2.64,8.19,138.974,-50.006,0.014,46,-5.397,3.926,0.335,NN,6.52,3.7,12.24,2807.0,80.0,-2805.0,-34.0,8722.0,Cl Pismis 11,138.974,-50.006,271.65039048277623,-0.698798415927544
215,Pismis_17,25.1,143.3,2e-09,3.82e+33,2106.2,1.57,2.92,165.377,-59.873,0.05,19,-6.938,2.333,0.366,notEnoughStars,,,,,,,,,Cl Pismis 17,165.3771,-59.873,289.5391986406581,0.10913314947143271
216,Pismis_27,5.4,212.4,9.18e-09,1.9900000000000002e+34,2992.5,1.67,5.89,92.719,20.617,0.051,35,-0.14,-1.994,0.504,NN,6.73,1.5,11.38,1883.0,-1854.0,-329.0,26.0,10200.0,Cl Pismis 27,92.719,20.617,190.06702753822805,0.7966008131997228
217,Pismis_5,10.0,276.1,1.88e-08,4.3e+34,3830.4,1.78,6.22,129.407,-39.603,0.124,80,-5.494,4.275,1.026,NN,7.0,1.48,9.87,941.0,-173.0,-925.0,14.0,8564.0,Cl Pismis 5,129.407,-39.603,259.35485817984664,0.9053785946947276
218,Pismis_Moreno_1,8.9,162.2,3.99e-09,8.11e+33,2333.4,1.28,7.52,334.695,63.251,0.075,62,-2.301,-2.251,1.051,NN,6.95,2.06,9.96,981.0,-281.0,936.0,90.0,8671.0,NAME Cl Pismis-Moreno 1,334.695,63.251,106.71310722940484,5.292749402985337
219,Pozzo_1,9.5,342.7,3.45e-08,8.25e+34,4693.5,0.42,5.91,122.374,-47.335,0.625,341,-6.516,9.53,2.853,NN,6.98,0.07,7.6,330.0,-41.0,-325.0,-44.0,8387.0,NAME Pozzo 1,122.374,-47.335,262.7978751258004,-7.690207425511652
220,RSG_8,26.9,204.6,2.5e-09,4.68e+33,3023.1,0.82,5.78,344.983,59.371,1.015,170,5.343,-1.654,2.21,NN,7.43,0.53,8.17,431.0,-141.0,407.0,-3.0,8491.0,RSG 8,344.983,59.371,109.15022939400902,-0.4838513681371724
221,Riddle_4,26.9,392.1,4.78e-09,8.97e+33,5794.1,2.2,12.13,31.862,60.26,0.037,41,-0.757,-0.451,0.339,NN,7.43,3.01,12.44,3073.0,-2065.0,2275.0,-66.0,10651.0,Riddle 4,31.862,60.26,132.22943746710737,-1.23243459550352
222,Roslund_2,11.5,730.1,5.21e-08,1.1999999999999999e+35,10112.5,2.11,9.91,296.261,23.977,0.16,97,-1.741,-5.115,0.463,NN,7.06,2.74,11.6,2091.0,1039.0,1815.0,-6.0,7522.0,Cl Roslund 2,296.261,23.977,60.20499979065622,-0.18207286721112156
223,Roslund_4,17.0,314.9,9.69e-09,2.02e+34,4492.8,2.35,6.82,301.199,29.196,0.061,31,-2.166,-5.057,0.423,NN,7.23,2.33,11.57,2059.0,805.0,1894.0,-45.0,7768.0,Cl Roslund 4,301.199,29.196,66.95434812904469,-1.262187633238633
224,Ruprecht_127,13.5,715.9,3.58e-08,7.9e+34,10037.1,2.42,8.05,264.462,-36.309,0.061,55,-0.297,-2.266,0.385,NN,7.13,3.04,11.81,2298.0,2278.0,-284.0,-100.0,6067.0,Cl Ruprecht 127,264.462,-36.309,352.8726228005961,-2.502199468432776
225,Ruprecht_138,9.5,1086.9,1.19e-07,2.8599999999999997e+35,14849.9,2.6,4.42,269.984,-24.665,0.057,83,0.248,-1.147,0.369,NN,6.98,2.21,12.18,2732.0,2721.0,252.0,-27.0,5624.0,Cl Ruprecht 138,269.984,-24.665,5.301672654815267,-0.5765831028066181
226,Ruprecht_32,5.0,257.0,1.55e-08,3.49e+34,3579.5,2.76,5.03,116.3,-25.539,0.043,13,-2.024,3.081,0.181,notEnoughStars,,,,,,,,,Cl Ruprecht 32,116.3,-25.539,241.57497058909138,-0.5691469917432265
227,Ruprecht_44,14.5,731.1,1.2e-05,9.23e+36,10303.4,2.58,7.25,119.708,-28.558,0.038,57,-2.381,2.935,0.152,NN,7.16,1.64,13.8,5753.0,-2365.0,-5244.0,49.0,11921.0,Cl Ruprecht 44,119.708,-28.558,245.72187282279836,0.492145739854956
228,Ruprecht_47,29.5,334.6,3.4e-09,6.23e+33,4979.7,1.46,3.57,120.57,-31.074,0.042,52,-2.5,2.727,0.234,NN,7.47,0.93,12.85,3720.0,-1378.0,-3455.0,-12.0,10314.0,Cl Ruprecht 47,120.57,-31.074,248.25419204957376,-0.19842803378083546
229,Ruprecht_65,22.9,237.2,3.98e-09,7.759999999999999e+33,3461.8,1.55,5.61,129.838,-44.041,0.09,33,-4.746,4.245,0.412,NN,7.36,1.71,11.91,2405.0,-289.0,-2387.0,-64.0,8953.0,Cl Ruprecht 65,129.838,-44.041,263.07706285752147,-1.533175093754494
230,Ruprecht_71,21.4,229.7,4.43e-09,8.76e+33,3334.6,1.34,3.92,132.316,-46.875,0.059,39,-5.22,4.642,0.486,NN,7.33,0.93,11.33,1844.0,-116.0,-1839.0,-61.0,8654.0,Cl Ruprecht 71,132.316,-46.875,266.3793279241205,-1.926823737283223
231,Ruprecht_77,12.3,192.0,6.73e-09,1.4300000000000001e+34,2725.4,2.28,4.91,141.821,-55.119,0.045,17,-6.286,4.84,0.242,NN,7.09,1.92,13.07,4108.0,463.0,-4076.0,-221.0,8868.0,Cl Ruprecht 77,141.821,-55.119,276.488012149506,-3.0971242190831925
232,Ruprecht_78,17.8,1250.3,3.5e-08,7.22e+34,17898.9,3.11,4.7,142.282,-53.696,0.036,74,-3.892,3.252,0.097,notEnoughStars,,,,,,,,,Cl Ruprecht 78,142.282,-53.696,275.6988557102883,-1.8824974811925586
233,Ruprecht_94,24.5,351.2,5.14e-09,9.85e+33,5152.8,1.7,6.4,172.772,-63.426,0.213,47,-6.378,0.769,0.369,NN,7.39,0.82,11.76,2244.0,915.0,-2047.0,-76.0,7701.0,Cl Ruprecht 94,172.7721,-63.426,294.0885556392181,-1.9422635264153916
234,SAI_113,8.9,560.8,7.22e-08,1.77e+35,7623.0,2.06,6.32,155.685,-59.51,0.031,63,-5.76,2.975,0.179,NN,6.95,2.84,13.6,5241.0,1361.0,-5058.0,-173.0,8618.0,SAI 113,155.685,-59.51,285.06816915359366,-1.8979444851231668
235,SAI_24,6.9,627.1,1.52e-07,4.01e+35,8367.3,1.93,10.29,44.816,60.566,0.111,84,-0.201,0.114,0.446,NN,6.84,1.85,11.76,2248.0,-1670.0,1503.0,58.0,10123.0,SAI 24,44.816,60.566,138.01298141250288,1.4927047401434572
236,SAI_25,1.6,490.5,9.58e-08,2.47e+35,6584.9,3.2,4.79,45.109,57.307,0.115,23,0.608,-1.205,0.372,NN,6.2,4.24,12.12,2651.0,-2021.0,1714.0,-60.0,10502.0,SAI 25,45.109,57.307,139.68791778870823,-1.307119783450895
237,Schuster_1,6.3,84.5,5.15e-10,8.81e+32,1282.4,2.66,5.59,151.159,-55.857,0.024,17,-5.102,3.768,0.139,tooRed,,,,,,,,,NAME SCHUSTER CL,151.159,-55.857,281.0080369682381,-0.2541613764745641
238,Sher_1,13.2,702.4,1.2e-05,9.22e+36,9830.3,3.56,14.92,165.262,-60.233,0.013,35,-5.412,2.408,0.11,NN,7.12,3.35,13.91,6066.0,2038.0,-5713.0,-25.0,8506.0,Cl Sher 1,165.262,-60.233,289.635014231946,-0.24259753250787003
239,Shorlin_1,3.2,211.2,9.08e-09,1.97e+34,2976.8,3.15,3.45,166.443,-61.231,0.014,2,-5.869,2.189,0.083,notEnoughStars,,,,,,,,,NAME Shorlin 1,166.4431,-61.231,290.56652324312495,-0.9220642952626352
240,Sigma_Ori,1.3,113.4,1.34e-09,2.5e+33,1677.5,1.16,4.58,84.716,-2.582,0.175,114,1.577,-0.512,2.48,tooRed,,,,,,,,,NAME sigma Orionis Open Cluster,84.716,-2.582,206.81388191449795,-17.301533532131224
241,Skiff_J2330+60.2,20.4,354.4,7.49e-09,1.5e+34,5127.5,2.72,7.75,352.553,60.257,0.021,26,-3.484,-1.879,0.278,NN,7.31,3.75,12.34,2942.0,-1150.0,2707.0,-53.0,9868.0,[KPS2012] MWSC 3735,352.553,60.257,113.01620090951488,-1.041621820007734
242,Stephenson_1,28.2,89.5,6.11e-10,1.06e+33,1352.5,0.41,5.57,283.568,36.899,0.249,83,1.11,-3.01,2.779,NN,7.45,0.22,7.68,343.0,129.0,304.0,90.0,8215.0,Cl Stephenson 1,283.568,36.899,66.90746382316337,15.365457956533286
243,Stock_16,6.0,340.2,3.4e-08,8.1e+34,4661.1,2.59,6.78,199.86,-62.622,0.056,23,-6.574,-0.991,0.222,tooRed,,,,,,,,,Cl Stock 16,199.8601,-62.622,306.14485776285215,0.0749308613004085
244,Stock_17,10.0,80.1,4.25e-10,7.11e+32,1221.9,1.8,2.59,355.949,62.161,0.016,5,-3.691,-1.525,0.309,notEnoughStars,,,,,,,,,Cl Stock 17,355.949,62.161,115.12481821636307,0.31893317877584865
245,Stock_18,13.2,245.3,1.29e-08,2.8600000000000003e+34,3432.4,2.07,5.43,0.399,64.625,0.057,22,-2.692,-0.587,0.294,NN,7.12,1.94,12.28,2860.0,-1325.0,2532.0,113.0,9991.0,Cl Stock 18,0.399,64.625,117.62234286913737,2.2683057149683683
246,Stock_20,19.1,254.1,6.17e-09,1.25e+34,3656.3,2.27,8.5,6.318,62.624,0.046,38,-3.237,-1.124,0.342,NN,7.28,1.09,12.07,2598.0,-1296.0,2251.0,-4.0,9896.0,Cl Stock 20,6.318,62.624,119.92912356499754,-0.09509009541048656
247,Stock_8,14.5,1778.7,7.67e-08,1.6599999999999999e+35,25066.0,1.59,10.28,81.956,34.452,0.153,275,0.094,-2.249,0.446,NN,7.16,1.17,11.86,2354.0,-2338.0,274.0,-9.0,10682.0,Cl Stock 8,81.956,34.452,173.31575895991108,-0.22282085106661972
248,Teutsch_1,27.5,378.2,4.41e-09,8.22e+33,5599.7,2.29,3.88,84.871,33.347,0.011,29,0.653,-0.767,0.223,NN,7.44,1.95,13.63,5318.0,-5301.0,411.0,112.0,13647.0,Teutsch 1,84.871,33.347,175.55881705368498,1.2066960223254142
249,Teutsch_125,8.7,247.3,1.39e-08,3.1000000000000002e+34,3452.6,2.41,4.35,333.316,58.939,0.065,22,-3.867,-2.78,0.469,NN,6.94,2.72,11.62,2112.0,-501.0,2050.0,77.0,9076.0,Teutsch 125,333.316,58.939,103.74168646944005,2.0919769379260895
250,Teutsch_127,11.5,352.9,2.52e-08,5.78e+34,4887.5,2.42,6.4,334.747,56.121,0.03,30,-3.344,-2.417,0.242,NN,7.06,2.08,12.69,3450.0,-764.0,3364.0,-40.0,9706.0,Teutsch 127,334.747,56.121,102.80625237837624,-0.6748924216434574
251,Teutsch_13,7.9,252.2,1.47e-08,3.2900000000000004e+34,3517.8,2.46,4.46,100.984,1.404,0.055,13,-0.097,0.518,0.155,NN,6.9,1.94,13.59,5220.0,-4481.0,-2674.0,-93.0,13097.0,Teutsch 13,100.984,1.404,210.8269157811828,-1.0282731491683228
252,Teutsch_23,5.6,537.3,1.23e-07,3.2199999999999997e+35,7180.1,3.18,5.13,356.976,62.996,0.048,28,-2.986,-1.387,0.29,NN,6.75,2.69,12.69,3453.0,-1502.0,3109.0,60.0,10321.0,Teutsch 23,356.976,62.996,115.79244842146701,1.0082861154733431
253,Teutsch_30,28.8,217.4,2.31e-09,4.26e+33,3230.6,2.04,9.6,306.929,36.074,0.026,29,-3.18,-5.692,0.539,NN,7.46,3.41,11.23,1760.0,445.0,1703.0,-43.0,8076.0,Teutsch 30,306.929,36.074,75.35286249491712,-1.4257633708822404
254,Teutsch_42,1.3,480.0,9.02e-08,2.31e+35,6451.7,6.39,7.12,292.554,18.535,0.005,13,-3.116,-5.83,0.182,tooRed,,,,,,,,,Teutsch 42,292.554,18.535,53.769309756687086,0.16352773560290285
255,Teutsch_8,4.0,236.6,1.24e-08,2.7400000000000003e+34,3311.6,2.04,4.79,300.598,35.31,0.006,28,-3.496,-6.704,0.492,NN,6.6,2.2,11.49,1982.0,616.0,1881.0,83.0,7949.0,Teutsch 8,300.598,35.31,71.85997698490864,2.4235155716071777
256,Teutsch_85,4.0,760.3,3.17e-07,8.909999999999999e+35,9990.8,3.29,14.3,258.309,-39.718,0.038,41,-1.864,-3.123,0.14,tooRed,,,,,,,,,Teutsch 85,258.309,-39.718,347.3329922630705,-0.3975961469638742
257,Trumpler_1,28.8,572.4,6.09e-09,1.12e+34,8504.6,2.43,5.24,23.915,61.283,0.031,53,-1.598,-0.541,0.348,NN,7.46,1.63,12.22,2773.0,-1715.0,2178.0,-54.0,10289.0,Cl Trumpler 1,23.915,61.283,128.21955967939846,-1.1339241370246278
258,Trumpler_11,27.5,437.2,5.1e-09,9.499999999999999e+33,6473.1,1.42,5.12,151.248,-61.619,0.057,70,-7.057,3.314,0.248,NN,7.44,0.7,12.77,3578.0,890.0,-3452.0,-303.0,8210.0,Cl Trumpler 11,151.2481,-61.619,284.4623943292625,-4.8694149932870365
259,Trumpler_15,8.9,925.4,1.19e-07,2.92e+35,12578.7,2.03,7.16,161.177,-59.369,0.039,138,-6.209,2.016,0.398,manual,6.95,1.5,12.07,2599.0,777.0,-2480.0,-16.0,7958.0,Cl Trumpler 15,161.1771,-59.369,287.4101533032306,-0.37135030721426165
260,Trumpler_16,13.5,1106.9,1.2e-05,9.21e+36,15518.1,2.64,7.19,161.253,-59.7,0.061,110,-6.864,2.509,0.389,NN,7.13,1.16,11.62,2107.0,637.0,-2008.0,-23.0,7960.0,Cl Trumpler 16,161.2531,-59.7,287.59879710488144,-0.6460519053739875
261,Trumpler_17,20.0,1001.2,2.22e-08,4.46e+34,14459.0,1.46,6.59,164.108,-59.23,0.066,168,-4.631,2.216,0.375,NN,7.3,1.84,12.16,2709.0,868.0,-2566.0,20.0,7900.0,Cl Trumpler 17,164.108,-59.23,288.68573810344185,0.4230924454185021
262,UBC_101,28.2,525.0,5.84e-09,1.08e+34,7785.7,2.36,5.47,279.496,-7.135,0.07,54,-0.319,-3.037,0.413,NN,7.45,2.82,11.69,2175.0,1971.0,921.0,-10.0,6435.0,UBC 101,279.496,-7.135,25.05241959399564,-0.27648555630163557
263,UBC_103,22.4,883.0,1.55e-08,3.04e+34,12865.6,2.69,5.51,280.633,-6.592,0.066,97,-0.396,-2.266,0.285,NN,7.35,1.4,12.37,2984.0,2681.0,1310.0,-53.0,5808.0,UBC 103,280.633,-6.592,26.052151384057606,-1.031325008847239
264,UBC_10a,14.1,205.4,8.31e-09,1.79e+34,2901.5,1.39,5.77,324.652,62.206,0.512,43,-2.131,-3.031,1.075,NN,7.15,0.89,9.71,873.0,-186.0,846.0,110.0,8568.0,UBC 10a,324.652,62.206,102.41519541927323,7.285228460614463
265,UBC_126,20.0,434.4,9.62e-09,1.9300000000000002e+34,6273.1,1.89,4.37,294.985,20.054,0.043,37,-1.855,-4.391,0.366,NN,7.3,2.62,11.97,2482.0,1380.0,2062.0,-47.0,7259.0,UBC 126,294.985,20.054,56.21219373603891,-1.103104876963951
266,UBC_130,27.5,605.8,7.06e-09,1.3200000000000001e+34,8969.1,1.79,13.1,298.06,27.437,0.106,98,-2.099,-5.856,0.393,NN,7.44,1.58,11.82,2308.0,1011.0,2075.0,7.0,7616.0,UBC 130,298.06,27.437,64.009270950915,0.17188477838608926
267,UBC_135,24.0,654.5,1e-08,1.9300000000000002e+34,9586.0,2.66,12.33,299.824,33.724,0.066,62,-3.515,-6.437,0.223,NN,7.38,2.05,13.15,4263.0,1444.0,4008.0,158.0,7975.0,UBC 135,299.824,33.724,70.17452582275818,2.130593756649787
268,UBC_159,14.5,112.1,1.26e-09,2.34e+33,1662.3,1.02,4.1,339.03,39.621,0.183,67,-1.905,-4.786,1.988,NN,7.16,0.82,8.37,472.0,-50.0,450.0,-131.0,8403.0,UBC 159,339.03,39.621,96.4110634288387,-16.182195232948345
269,UBC_167,21.9,224.6,4.13e-09,8.14e+33,3266.6,1.42,3.5,324.786,62.332,0.123,39,-2.078,-3.022,1.065,NN,7.34,1.08,9.85,931.0,-200.0,901.0,119.0,8588.0,UBC 167,324.786,62.332,102.54685475919776,7.337286361596599
270,UBC_173,13.2,2024.1,1.06e-07,2.36e+35,28327.4,2.47,6.03,341.704,56.408,0.161,187,-3.405,-2.739,0.265,NN,7.12,1.55,12.78,3599.0,-1009.0,3451.0,-149.0,9965.0,UBC 173,341.704,56.408,106.28392956118061,-2.381484950672927
271,UBC_174,10.0,1724.5,1.69e-07,4.0199999999999994e+35,23641.9,2.41,7.31,341.388,57.382,0.109,223,-3.367,-2.781,0.282,NN,7.0,1.7,12.66,3396.0,-968.0,3254.0,-85.0,9861.0,UBC 174,341.388,57.382,106.58186570702696,-1.43819979039686
272,UBC_176,6.9,1082.9,2.62e-07,6.919999999999999e+35,14448.0,1.88,5.23,345.532,57.063,0.062,100,-3.597,-2.191,0.261,NN,6.84,2.04,13.13,4224.0,-1336.0,4003.0,-199.0,10471.0,UBC 176,345.532,57.063,108.46118506288924,-2.705564166036432
273,UBC_177,27.5,184.0,2.14e-09,4e+33,2724.1,1.21,6.29,339.659,67.044,0.143,43,-1.973,-0.973,0.855,NN,7.44,1.99,10.3,1149.0,-398.0,1067.0,148.0,8803.0,UBC 177,339.659,67.044,110.49428232383478,7.435996400681504
274,UBC_178,10.2,307.9,2.56e-08,5.9700000000000005e+34,4244.0,1.9,7.69,346.201,63.36,0.16,58,-1.235,-1.823,1.148,NN,7.01,1.58,9.88,947.0,-343.0,881.0,48.0,8728.0,UBC 178,346.201,63.36,111.31083589249081,2.9200506540054865
275,UBC_17a,18.6,228.3,5.81e-09,1.19e+34,3279.6,1.0,4.28,83.422,-1.671,1.356,180,1.582,-1.2,2.753,NN,7.27,0.8,7.73,352.0,-302.0,-143.0,-108.0,8643.0,UBC 17a,83.422,-1.671,205.33465421970467,-18.019412272752284
276,UBC_17b,11.5,173.7,4.91e-09,1.0200000000000001e+34,2485.0,0.95,3.65,83.195,-1.585,0.534,103,0.078,-0.163,2.376,NN,7.06,0.05,8.05,408.0,-350.0,-164.0,-127.0,8692.0,UBC 17b,83.195,-1.585,205.14247487451433,-18.179148358085175
277,UBC_182,13.5,151.5,3.22e-09,6.45e+33,2191.4,1.24,2.52,4.18,52.298,0.14,24,-2.96,-1.769,0.64,NN,7.13,0.2,10.93,1533.0,-698.0,1337.0,-271.0,9136.0,UBC 182,4.18,52.298,117.55123157790877,-10.210663061140712
278,UBC_186,23.4,3003.5,4.82e-08,9.33e+34,43915.4,1.37,12.97,23.711,60.658,0.291,533,-1.326,-0.462,0.338,NN,7.37,1.08,12.01,2528.0,-1563.0,1986.0,-78.0,10100.0,UBC 186,23.711,60.658,128.22772286497397,-1.7666583711460497
279,UBC_187,17.8,115.6,1.38e-09,2.5899999999999998e+33,1709.5,1.07,2.58,37.868,72.346,0.214,42,-1.664,-1.747,1.076,manual,7.25,1.0,9.67,859.0,-546.0,642.0,163.0,8909.0,UBC 187,37.868,72.346,130.4352628256296,10.947492273392536
280,UBC_188,26.3,363.0,4.63e-09,8.74e+33,5354.4,1.39,4.6,27.466,53.9,0.142,69,-0.866,-1.557,0.335,NN,7.42,0.33,12.29,2872.0,-1887.0,2128.0,-398.0,10446.0,UBC 188,27.466,53.9,131.5611560552963,-7.9899713013475155
281,UBC_19,6.9,142.8,2.71e-09,5.36e+33,2075.0,1.99,3.05,56.336,29.827,0.254,34,2.705,-5.17,2.385,NN,6.84,0.7,8.1,416.0,-373.0,119.0,-138.0,8714.0,UBC 19,56.336,29.827,162.21509681345643,-19.479846721262913
282,UBC_190,18.6,624.7,1.59e-08,3.25e+34,8973.9,2.14,5.78,37.448,59.782,0.095,56,-0.09,-0.483,0.314,NN,7.27,2.68,12.54,3225.0,-2280.0,2280.0,-41.0,10862.0,UBC 190,37.448,59.782,135.02130693440972,-0.7610345262859072
283,UBC_191,18.2,677.6,1.81e-08,3.72e+34,9717.3,2.27,14.64,37.507,58.0,0.169,95,-0.393,-0.947,0.392,NN,7.26,1.93,12.15,2693.0,-1927.0,1878.0,-112.0,10437.0,UBC 191,37.507,58.0,135.71083544033635,-2.404631109145896
284,UBC_204,14.8,322.6,1.32e-08,2.8600000000000003e+34,4553.9,1.7,3.96,102.371,12.045,0.064,39,0.108,-0.392,0.199,NN,7.17,0.73,13.32,4607.0,-4256.0,-1716.0,404.0,12713.0,UBC 204,102.371,12.045,201.96407644067966,5.0332658526919145
285,UBC_207,15.1,122.7,1.68e-09,3.1899999999999996e+33,1805.2,0.88,1.35,83.848,-4.486,0.232,55,1.086,0.555,2.544,NN,7.18,0.88,7.89,378.0,-315.0,-169.0,-122.0,8657.0,UBC 207,83.848,-4.486,208.17263763660003,-18.94723201903005
286,UBC_224,14.8,1135.3,4.66e-08,1.01e+35,16026.3,1.47,13.12,111.415,-20.903,0.211,195,-2.299,3.102,0.326,NN,7.17,0.98,12.07,2592.0,-1473.0,-2131.0,-100.0,10042.0,UBC 224,111.415,-20.903,235.33978943211588,-2.235183375586266
287,UBC_236,18.2,477.8,1.28e-08,2.6200000000000004e+34,6851.7,2.85,5.24,117.653,-29.945,0.048,35,-2.733,3.426,0.28,NN,7.26,2.13,12.63,3356.0,-1365.0,-3064.0,-103.0,10177.0,UBC 236,117.653,-29.945,245.98376678937953,-1.7594064399451104
288,UBC_238,19.5,1395.5,3.24e-08,6.54e+34,20117.6,2.5,15.16,117.053,-33.703,0.172,120,-2.118,3.121,0.241,NN,7.29,3.02,12.72,3492.0,-1250.0,-3251.0,-248.0,10126.0,UBC 238,117.053,-33.703,248.97284017897513,-4.098694570195787
289,UBC_261,18.6,861.4,2.19e-08,4.48e+34,12374.7,1.73,4.74,159.52,-60.503,0.08,89,-5.6,2.632,0.222,NN,7.27,0.82,12.98,3953.0,1169.0,-3774.0,-121.0,8102.0,UBC 261,159.52,-60.503,287.2237017272791,-1.764192543211819
290,UBC_263,25.1,384.6,5.38e-09,1.03e+34,5653.5,1.49,6.17,162.656,-59.992,0.143,70,-6.396,2.032,0.38,NN,7.4,1.03,12.01,2519.0,792.0,-2391.0,-25.0,7917.0,UBC 263,162.6561,-59.992,288.35912217871436,-0.5835789459382801
291,UBC_266,12.9,949.5,5.25e-08,1.17e+35,13266.1,1.69,8.83,166.334,-59.759,0.139,138,-6.686,1.698,0.356,NN,7.11,1.17,11.92,2423.0,826.0,-2278.0,17.0,7851.0,UBC 266,166.3341,-59.759,289.93325613202023,0.40784806797990597
292,UBC_267,12.9,695.0,3.84e-08,8.570000000000001e+34,9709.4,1.71,8.02,168.283,-58.901,0.135,95,-6.016,1.809,0.311,NN,7.11,0.46,11.92,2421.0,848.0,-2266.0,67.0,7827.0,UBC 267,168.2831,-58.901,290.52193250142847,1.5816744386499377
293,UBC_287,23.4,513.9,8.24e-09,1.6000000000000001e+34,7513.2,1.67,5.67,189.765,-61.272,0.059,68,-4.749,-0.734,0.433,NN,7.37,1.82,11.86,2352.0,1226.0,-2006.0,64.0,7390.0,UBC 287,189.765,-61.272,301.44456164272026,1.5639944722662493
294,UBC_291,25.1,416.8,5.83e-09,1.11e+34,6127.2,1.75,4.91,199.091,-63.436,0.049,52,-5.624,-1.586,0.307,NN,7.4,1.78,12.35,2944.0,1718.0,-2390.0,-35.0,7039.0,UBC 291,199.0911,-63.436,305.7144532960503,-0.6990022186862657
295,UBC_293,20.0,648.4,1.44e-08,2.89e+34,9364.3,1.67,4.88,202.711,-61.775,0.095,80,-4.434,-1.714,0.291,NN,7.3,1.62,12.59,3293.0,2008.0,-2610.0,42.0,6848.0,UBC 293,202.711,-61.775,307.5735965637293,0.741090987675489
296,UBC_31,26.3,278.7,3.56e-09,6.71e+33,4111.6,1.53,2.55,61.146,32.532,1.612,84,3.803,-5.468,2.723,NN,7.42,0.18,7.67,341.0,-317.0,93.0,-86.0,8657.0,UBC 31,61.146,32.532,163.52661931723208,-14.718296893779925
297,UBC_318,11.2,1944.4,1.46e-07,3.38e+35,26886.0,1.84,7.65,251.144,-47.577,0.225,236,-0.928,-2.223,0.329,NN,7.05,1.83,12.23,2795.0,2590.0,-1048.0,-56.0,5844.0,UBC 318,251.144,-47.577,337.96062483421224,-1.2019873416137867
298,UBC_320,17.8,1135.3,3.18e-08,6.56e+34,16252.9,2.43,5.61,251.403,-44.448,0.055,111,-0.651,-0.987,0.322,NN,7.25,2.48,12.46,3099.0,2920.0,-1037.0,38.0,5518.0,UBC 320,251.403,-44.448,340.4503844813173,0.701887200645842
299,UBC_323,8.9,1694.8,2.18e-07,5.3599999999999995e+35,23037.2,1.54,12.74,253.94,-40.729,0.221,267,-0.232,-1.28,0.575,NN,6.95,0.72,10.88,1496.0,1441.0,-400.0,42.0,6909.0,UBC 323,253.94,-40.729,344.5052596354228,1.6401839903425408
300,UBC_334,20.0,2375.6,5.26e-08,1.0599999999999999e+35,34307.6,2.56,5.57,265.57,-30.731,0.104,228,-0.731,-1.287,0.613,NN,7.3,3.06,11.15,1695.0,1694.0,-56.0,-9.0,6645.0,UBC 334,265.57,-30.731,358.0918051424274,-0.3237260992679379
301,UBC_341,21.9,992.8,1.83e-08,3.6e+34,14438.6,2.24,5.08,276.464,-17.076,0.09,94,-0.22,-1.487,0.478,NN,7.34,2.59,11.51,2005.0,1937.0,514.0,-78.0,6423.0,UBC 341,276.464,-17.076,14.865051299887547,-2.242493360462281
302,UBC_342,14.1,464.8,2.11e-08,4.590000000000001e+34,6539.0,1.66,5.58,273.914,-14.925,0.204,66,-0.171,-1.043,0.605,NN,7.15,1.56,11.0,1585.0,1526.0,426.0,25.0,6827.0,UBC 342,273.914,-14.925,15.608163134139843,0.9327550772435261
303,UBC_343,20.0,762.3,1.69e-08,3.39e+34,11009.2,1.61,5.05,276.989,-14.72,0.118,124,-0.711,-2.685,0.472,NN,7.3,1.68,11.74,2229.0,2128.0,658.0,-62.0,6245.0,UBC 343,276.989,-14.72,17.187050206492433,-1.5943572957160508
304,UBC_344,3.5,3715.1,5.02e-06,1.65e+37,47141.1,2.63,10.01,274.475,-12.083,0.161,314,-0.331,-2.168,0.466,NN,6.54,3.02,11.42,1919.0,1821.0,604.0,60.0,6546.0,UBC 344,274.475,-12.083,18.36916177037481,1.8021406198690497
305,UBC_345,14.5,477.1,2.06e-08,4.46e+34,6724.1,2.55,8.34,276.005,-12.256,0.129,43,-0.452,-1.706,0.472,NN,7.16,3.38,11.51,2005.0,1897.0,650.0,13.0,6475.0,UBC 345,276.005,-12.256,18.920633784489933,0.40115137902215725
306,UBC_352,6.9,1227.5,2.97e-07,7.85e+35,16376.7,2.74,4.56,281.22,-5.849,0.095,75,-1.402,-3.641,0.262,NN,6.84,2.22,12.81,3653.0,3254.0,1657.0,-77.0,5348.0,UBC 352,281.22,-5.849,26.97981543667161,-1.2111944968343575
307,UBC_353,29.5,416.7,4.23e-09,7.759999999999999e+33,6202.9,2.17,3.61,280.854,-3.735,0.072,31,-0.62,-2.152,0.438,NN,7.47,3.0,11.69,2179.0,1911.0,1046.0,2.0,6512.0,UBC 353,280.854,-3.735,28.69396560721675,0.07881138029781332
308,UBC_355,24.5,675.6,9.89e-09,1.9e+34,9913.6,2.53,4.65,281.923,-3.817,0.041,42,-0.692,-1.899,0.451,NN,7.39,2.45,11.33,1843.0,1610.0,896.0,-29.0,6788.0,UBC 355,281.923,-3.817,29.10798165428245,-0.9076704693537683
309,UBC_357,6.6,1270.1,3.46e-07,9.27e+35,16888.0,2.63,5.02,284.743,-0.237,0.096,65,-1.888,-4.076,0.288,NN,6.82,3.05,12.46,3100.0,2582.0,1713.0,-96.0,6007.0,UBC 357,284.743,-0.237,33.58002881946681,-1.7843688291986204
310,UBC_367,21.9,269.3,4.96e-09,9.759999999999999e+33,3916.2,2.5,7.15,302.357,36.47,0.053,25,-2.579,-5.098,0.322,NN,7.34,1.73,12.36,2962.0,835.0,2840.0,95.0,8024.0,UBC 367,302.357,36.47,73.60450315206016,1.8430284933201886
311,UBC_368,22.4,245.9,4.32e-09,8.46e+33,3582.6,1.49,4.8,302.847,36.512,0.11,37,-2.601,-5.769,0.431,NN,7.35,1.12,11.58,2074.0,577.0,1992.0,55.0,8014.0,UBC 368,302.847,36.512,73.8547461328824,1.5358140116679215
312,UBC_379,18.2,431.0,1.15e-08,2.36e+34,6181.1,2.5,4.3,313.264,48.538,0.075,31,-2.531,-2.442,0.364,NN,7.26,2.56,12.05,2566.0,86.0,2562.0,111.0,8642.0,UBC 379,313.264,48.538,88.06975113800219,2.4917414680981858
313,UBC_385,19.5,141.6,2.61e-09,5.14e+33,2059.4,1.5,4.74,317.94,60.092,0.102,26,-2.53,-3.468,1.178,NN,7.29,1.2,9.71,876.0,-129.0,858.0,122.0,8512.0,UBC 385,317.94,60.092,98.59475385364512,8.06060964055817
314,UBC_386,6.5,153.9,3.41e-09,6.85e+33,2222.5,1.65,6.13,319.784,61.952,0.113,28,-3.461,-3.411,0.809,NN,6.81,0.96,10.41,1206.0,-218.0,1172.0,182.0,8638.0,UBC 386,319.784,61.952,100.5820629098986,8.686155712946496
315,UBC_388,15.5,1002.4,3.73e-08,7.970000000000001e+34,14200.5,2.17,10.36,337.636,56.552,0.114,99,-3.544,-2.645,0.241,NN,7.19,1.89,12.79,3616.0,-898.0,3502.0,-72.0,9879.0,UBC 388,337.636,56.552,104.39184651429528,-1.1610340914528965
316,UBC_393,8.5,1116.9,1.61e-07,4e+35,15130.2,1.76,6.15,345.615,56.953,0.126,120,-2.87,-2.558,0.261,NN,6.93,2.03,12.9,3805.0,-1203.0,3604.0,-186.0,10201.0,UBC 393,345.615,56.953,108.45748801269927,-2.824424153438789
317,UBC_412,21.4,533.9,1.03e-08,2.0400000000000002e+34,7751.1,2.64,4.51,12.987,63.785,0.145,37,-1.631,-0.257,0.217,NN,7.33,2.25,12.71,3480.0,-1894.0,2919.0,55.0,10642.0,UBC 412,12.987,63.785,122.98826419067501,0.9133070235268809
318,UBC_414,29.5,215.1,2.19e-09,4.01e+33,3202.1,1.59,6.11,28.513,61.992,0.141,29,-1.057,-0.28,0.31,NN,7.47,1.53,12.33,2929.0,-1892.0,2236.0,1.0,10473.0,UBC 414,28.513,61.992,130.21120067482937,0.008414917385972814
319,UBC_415,23.4,57.1,1.2e-10,1.65e+32,901.2,1.11,6.95,42.54,72.914,0.12,17,-1.301,-1.626,1.096,NN,7.37,1.06,9.59,829.0,-537.0,607.0,172.0,8898.0,UBC 415,42.54,72.914,131.48684770294196,12.045080162860911
320,UBC_418,22.9,1361.2,2.29e-08,4.45e+34,19867.3,2.54,8.1,34.671,59.832,0.274,169,-0.613,-0.464,0.358,NN,7.36,1.96,12.38,2988.0,-2063.0,2161.0,-62.0,10625.0,UBC 418,34.671,59.832,133.69575658803817,-1.203898978050708
321,UBC_423,16.6,207.3,6.69e-09,1.4e+34,2951.8,2.09,4.67,48.257,58.927,0.037,16,0.603,-0.835,0.359,NN,7.22,2.64,12.01,2518.0,-1938.0,1607.0,40.0,10403.0,UBC 423,48.257,58.927,140.3297701014627,0.923359041890068
322,UBC_438,4.4,525.3,1.15e-07,3.0099999999999997e+35,7027.3,2.85,5.54,94.851,15.287,0.097,24,0.155,-0.39,0.207,NN,6.64,2.67,12.79,3605.0,-3471.0,-975.0,2.0,11851.0,UBC 438,94.851,15.287,195.71867850308638,0.03531450818437672
323,UBC_455,13.2,158.9,3.73e-09,7.55e+33,2289.9,2.02,5.32,115.386,-17.584,0.036,23,-1.943,2.447,0.243,NN,7.12,0.77,12.74,3527.0,-2058.0,-2859.0,163.0,10784.0,UBC 455,115.386,-17.584,234.2494282588876,2.651288365925865
324,UBC_464,14.1,456.5,2.07e-08,4.51e+34,6422.5,2.34,9.44,113.533,-28.127,0.165,62,-2.852,3.672,0.294,NN,7.15,1.06,12.59,3294.0,-1511.0,-2918.0,-230.0,10274.0,UBC 464,113.533,-28.127,242.6178911941958,-3.9906056695707464
325,UBC_468,11.0,462.3,3.66e-08,8.510000000000001e+34,6381.1,2.33,7.06,116.591,-30.762,0.206,40,-2.389,3.302,0.221,NN,7.04,1.33,13.1,4164.0,-1682.0,-3803.0,-213.0,10720.0,UBC 468,116.591,-30.762,246.2267702460991,-2.962873738178107
326,UBC_479,20.4,247.7,5.24e-09,1.05e+34,3583.6,1.44,2.8,124.338,-42.582,0.117,33,-4.814,5.119,0.648,NN,7.31,0.7,10.84,1473.0,-266.0,-1446.0,-100.0,8727.0,UBC 479,124.338,-42.582,259.55503653130774,-3.933403061356939
327,UBC_482,26.9,498.6,6.08e-09,1.14e+34,7368.5,1.38,5.12,131.14,-45.951,0.194,97,-5.155,4.977,0.446,NN,7.43,0.88,11.76,2245.0,-190.0,-2236.0,-77.0,8819.0,UBC 482,131.14,-45.951,265.15052867091396,-1.9807007352955683
328,UBC_487,26.3,205.2,2.62e-09,4.94e+33,3026.8,1.66,13.36,139.691,-51.6,0.062,36,-5.812,4.14,0.499,NN,7.42,1.39,11.31,1826.0,98.0,-1822.0,-46.0,8440.0,UBC 487,139.691,-51.6,273.1080563828639,-1.4875331447531592
329,UBC_489,10.5,622.7,5.48e-08,1.2899999999999999e+35,8566.5,1.6,5.9,141.158,-53.069,0.124,81,-4.954,3.807,0.324,NN,7.02,1.31,12.23,2792.0,232.0,-2780.0,-91.0,8570.0,UBC 489,141.158,-53.069,274.7805371500311,-1.8955694045148566
330,UBC_504,11.2,294.1,2.21e-08,5.1e+34,4066.2,1.54,3.74,159.738,-61.099,0.045,33,-5.743,2.921,0.174,NN,7.05,1.15,13.42,4824.0,1458.0,-4595.0,-187.0,8274.0,UBC 504,159.7381,-61.099,287.6076240761362,-2.23250045629528
331,UBC_51,10.0,193.2,6.88e-09,1.46e+34,2740.9,1.36,3.1,59.648,52.56,0.148,34,-0.279,-1.275,0.879,NN,7.0,0.79,10.11,1051.0,-903.0,537.0,-8.0,9258.0,UBC 51,59.648,52.56,149.23340916359518,-0.4816873240446075
332,UBC_510,15.5,252.1,9.39e-09,2.0000000000000001e+34,3571.6,1.72,3.92,163.234,-62.747,0.038,24,-5.675,2.08,0.18,NN,7.19,1.48,13.22,4395.0,1489.0,-4129.0,-223.0,7999.0,UBC 510,163.2341,-62.747,289.83145777238633,-2.9290246608663595
333,UBC_515,8.1,284.2,2.04e-08,4.7e+34,3935.3,1.81,3.62,179.311,-62.968,0.075,30,-6.147,0.691,0.239,NN,6.91,1.53,12.77,3580.0,1615.0,-3195.0,-46.0,7444.0,UBC 515,179.3111,-62.968,296.81943092513524,-0.7411985215854918
334,UBC_517,22.4,413.5,7.27e-09,1.4200000000000002e+34,6023.8,1.56,3.13,182.482,-63.791,0.148,53,-5.685,0.008,0.392,NN,7.35,0.77,11.85,2348.0,1115.0,-2065.0,-53.0,7513.0,UBC 517,182.4821,-63.791,298.3677804124606,-1.2877104939121062
335,UBC_522,15.1,512.2,2e-08,4.3e+34,7243.7,1.93,5.36,190.822,-61.627,0.11,57,-4.447,-1.154,0.396,NN,7.18,2.22,11.93,2435.0,1289.0,-2066.0,52.0,7347.0,UBC 522,190.822,-61.627,301.96363246225496,1.2294235797963533
336,UBC_525,11.7,413.8,2.8e-08,6.400000000000001e+34,5742.0,1.72,7.54,196.023,-63.941,0.1,54,-4.202,-1.219,0.436,NN,7.07,2.26,11.79,2279.0,1285.0,-1882.0,-43.0,7301.0,UBC 525,196.023,-63.941,304.32133121182164,-1.103395227017611
337,UBC_526,18.2,143.8,2.74e-09,5.41e+33,2088.5,1.95,5.64,199.664,-62.523,0.074,17,-4.158,-1.833,0.452,NN,7.26,1.46,11.47,1969.0,1159.0,-1591.0,6.0,7355.0,UBC 526,199.664,-62.523,306.06568261374633,0.183022930609715
338,UBC_535,17.8,305.0,8.53e-09,1.7600000000000002e+34,4366.0,1.82,3.8,237.584,-56.758,0.05,28,-3.938,-4.544,0.3,NN,7.25,2.16,12.28,2862.0,2361.0,-1615.0,-99.0,6193.0,UBC 535,237.584,-56.758,325.63677585897835,-1.9906644006497602
339,UBC_541,21.9,860.1,1.58e-08,3.12e+34,12509.4,2.91,4.96,243.015,-50.188,0.088,61,-2.688,-2.785,0.391,NN,7.34,2.78,11.82,2309.0,2046.0,-1070.0,33.0,6384.0,UBC 541,243.015,-50.188,332.380689784166,0.8498362038199719
340,UBC_547,15.1,1897.3,7.42e-08,1.59e+35,26830.2,2.47,6.61,251.64,-47.103,0.18,175,-0.744,-2.007,0.312,NN,7.18,1.63,12.18,2726.0,2536.0,-997.0,-54.0,5888.0,UBC 547,251.64,-47.103,338.5393638045046,-1.148702268699982
341,UBC_552,11.2,515.2,3.87e-08,8.94e+34,7124.2,2.68,7.02,254.724,-42.06,0.08,39,-0.162,-0.387,0.355,NN,7.05,3.19,11.94,2446.0,2350.0,-681.0,16.0,6028.0,UBC 552,254.724,-42.06,343.8307413025483,0.3507668647349409
342,UBC_553,13.2,255.8,1.34e-08,2.9800000000000003e+34,3579.9,1.84,6.77,253.51,-41.271,0.103,38,-0.551,-1.811,0.581,NN,7.12,1.36,11.0,1583.0,1520.0,-439.0,42.0,6833.0,UBC 553,253.51,-41.271,343.8794862168555,1.5518511243294035
343,UBC_558,7.2,2244.1,4.83e-07,1.26e+36,30041.9,2.56,5.45,259.353,-40.276,0.069,130,-0.734,-1.952,0.342,NN,6.86,3.23,12.26,2833.0,2763.0,-620.0,-68.0,5610.0,UBC 558,259.353,-40.276,347.34508914068533,-1.372718870403391
344,UBC_559,11.5,1460.6,1.04e-07,2.39e+35,20231.6,2.58,9.08,259.123,-39.699,0.152,117,-0.493,-1.409,0.386,NN,7.06,3.1,11.66,2144.0,2095.0,-456.0,-34.0,6261.0,UBC 559,259.123,-39.699,347.7137738986119,-0.8951116924818346
345,UBC_562,11.7,815.5,5.53e-08,1.26e+35,11315.5,2.71,6.35,262.776,-37.891,0.083,54,-0.155,-2.621,0.403,NN,7.07,3.4,11.94,2440.0,2407.0,-389.0,-95.0,5945.0,UBC 562,262.776,-37.891,350.81293524574005,-2.227339564210112
346,UBC_564,25.7,702.7,9.39e-09,1.78e+34,10347.3,2.82,9.88,263.999,-34.645,0.101,50,-0.234,-1.719,0.373,NN,7.41,3.02,11.9,2396.0,2383.0,-246.0,-53.0,5961.0,UBC 564,263.999,-34.645,354.075126214674,-1.291145327939198
347,UBC_565,9.1,1223.7,1.49e-07,3.64e+35,16662.4,2.83,5.93,264.004,-33.908,0.127,79,-0.138,-1.467,0.396,NN,6.96,3.16,11.81,2299.0,2289.0,-212.0,-36.0,6054.0,UBC 565,264.004,-33.908,354.69829614147005,-0.8974570973132382
348,UBC_568,5.6,766.9,3.19e-07,8.97e+35,10078.7,3.32,12.28,262.951,-31.915,0.041,50,-0.853,-1.813,0.327,NN,6.75,3.6,12.03,2545.0,2538.0,-182.0,41.0,5803.0,UBC 568,262.951,-31.915,355.8914013732909,0.9273542769668432
349,UBC_578,21.9,272.9,5.02e-09,9.89e+33,3969.7,2.63,4.2,301.607,33.015,0.045,13,-2.708,-4.951,0.182,NN,7.34,2.53,13.21,4393.0,1476.0,4137.0,37.0,8013.0,UBC 578,301.607,33.015,70.36457775996108,0.4923734619877726
350,UBC_584,14.1,144.9,2.81e-09,5.57e+33,2103.0,1.97,3.89,304.213,41.983,0.035,15,-3.678,-4.135,0.54,manual,7.15,2.7,11.12,1674.0,318.0,1640.0,107.0,8187.0,UBC 584,304.213,41.983,79.00491235364818,3.676406731702361
351,UBC_587,14.5,604.3,2.61e-08,5.65e+34,8516.5,3.13,6.07,311.587,43.69,0.106,26,-2.86,-4.837,0.286,NN,7.16,3.11,12.19,2735.0,305.0,2718.0,14.0,8481.0,UBC 587,311.587,43.69,83.57888886986954,0.3242818425331162
352,UBC_590,11.7,259.7,1.59e-08,3.58e+34,3616.6,2.54,4.66,313.824,47.579,0.028,13,-3.134,-4.102,0.222,NN,7.07,3.37,12.9,3802.0,160.0,3797.0,105.0,9017.0,UBC 590,313.824,47.579,87.57562232064413,1.5884676425989466
353,UBC_604,15.5,393.0,1.46e-08,3.12e+34,5567.0,2.52,5.27,32.546,65.42,0.13,29,-0.728,0.486,0.327,NN,7.19,2.6,12.39,3000.0,-1964.0,2258.0,197.0,10549.0,UBC 604,32.546,65.42,131.00490410589146,3.7899609298646286
354,UBC_608,20.4,701.9,1.48e-08,2.9700000000000003e+34,10154.4,2.48,6.44,61.358,55.926,0.071,48,-0.182,0.044,0.138,NN,7.31,1.95,13.66,5383.0,-4548.0,2868.0,255.0,13203.0,UBC 608,61.358,55.926,147.77110163310107,2.710403598526956
355,UBC_609,5.6,2886.6,1.2e-06,3.38e+36,37933.3,2.17,7.89,65.262,53.069,0.335,228,0.474,-0.667,0.198,NN,6.75,2.38,12.81,3645.0,-3194.0,1750.0,140.0,11666.0,UBC 609,65.262,53.069,151.38338176685033,2.1913798476035513
356,UBC_612,16.2,152.7,3.29e-09,6.6e+33,2207.1,2.48,12.64,79.833,40.14,0.07,16,0.335,-0.685,0.133,NN,7.21,1.51,13.74,5607.0,-5476.0,1197.0,156.0,13868.0,UBC 612,79.833,40.14,167.66735417612122,1.5942910800665744
357,UBC_633,13.8,227.9,1.08e-08,2.38e+34,3199.9,3.36,8.04,112.824,-15.429,0.096,16,-1.343,1.477,0.173,NN,7.14,1.82,13.75,5629.0,-3529.0,-4383.0,152.0,12652.0,UBC 633,112.824,-15.429,231.1690489033851,1.5552046028940563
358,UBC_646,22.9,165.9,2.79e-09,5.42e+33,2420.9,2.13,12.59,124.111,-34.057,0.085,20,-2.529,3.28,0.105,NN,7.36,0.67,14.02,6358.0,-1924.0,-6059.0,78.0,11919.0,UBC 646,124.111,-34.057,252.38030204035726,0.6817638016614862
359,UBC_652,10.0,123.0,1.7e-09,3.23e+33,1808.6,1.79,5.62,162.381,-54.711,0.074,20,-7.224,3.803,0.363,manual,7.0,0.7,12.03,2542.0,692.0,-2439.0,179.0,8027.0,UBC 652,162.3811,-54.711,285.84886064310626,4.066021499130592
360,UBC_654,8.9,1458.8,1.88e-07,4.61e+35,19830.0,2.63,4.65,159.284,-59.875,0.103,114,-5.713,2.491,0.231,NN,6.95,1.53,13.1,4159.0,1203.0,-3980.0,-92.0,8172.0,UBC 654,159.284,-59.875,286.8130939555391,-1.2746398559280885
361,UBC_659,27.5,209.6,2.44e-09,4.56e+33,3103.7,1.96,4.13,167.285,-60.687,0.074,19,-6.297,1.387,0.367,NN,7.44,1.09,11.86,2352.0,832.0,-2200.0,-10.0,7822.0,UBC 659,167.2851,-60.687,290.7306755734663,-0.26172742324503073
362,UBC_672,10.5,287.7,2.11e-08,4.86e+34,3981.0,2.0,2.53,253.128,-41.525,0.111,15,-0.645,-2.009,0.565,NN,7.02,1.14,11.01,1595.0,1528.0,-452.0,44.0,6826.0,NAME UBC 672,253.128,-41.525,343.5013737942187,1.613146399613053
363,UBC_80,29.5,219.4,2.23e-09,4.09e+33,3265.2,1.42,2.65,91.613,8.745,0.098,30,-0.499,-0.923,0.457,NN,7.47,0.47,11.6,2085.0,-1949.0,-708.0,-213.0,10314.0,UBC 80,91.613,8.745,199.96529531964342,-5.867604075087911
364,UBC_9,26.3,33.5,1.77e-11,1.3199999999999999e+31,560.5,0.71,3.77,276.544,26.432,0.437,25,0.651,-5.404,2.869,NN,7.42,0.15,7.74,353.0,196.0,275.0,102.0,8148.0,UBC 9,276.544,26.432,54.4685544610879,16.89635796209949
365,UPK_126,13.5,55.4,1.09e-10,1.47e+32,877.5,1.47,2.65,311.768,43.816,0.081,34,-1.467,-1.964,1.177,NN,7.13,1.68,9.51,796.0,86.0,791.0,4.0,8291.0,UPK 126,311.768,43.816,83.7589974616605,0.3012174816724279
366,UPK_150,25.7,353.8,4.73e-09,8.96e+33,5209.9,1.54,3.72,319.474,54.516,0.583,67,-4.243,-3.975,0.996,NN,7.41,1.92,10.07,1031.0,-91.0,1025.0,65.0,8493.0,UPK 150,319.474,54.516,95.10120658178202,3.6219520078970118
367,UPK_166,26.9,434.2,5.3e-09,9.93e+33,6416.4,0.89,4.57,339.203,46.927,0.767,204,-0.907,-3.229,1.508,NN,7.43,0.27,9.09,658.0,-116.0,638.0,-113.0,8481.0,UPK 166,339.203,46.927,100.33347280527681,-9.95229768519689
368,UPK_169,13.8,255.1,1.21e-08,2.66e+34,3582.2,1.53,7.93,326.718,59.915,0.365,52,-2.004,-2.4,1.155,NN,7.14,1.47,9.78,904.0,-181.0,882.0,75.0,8566.0,UPK 169,326.718,59.915,101.66096084610933,4.901076828575641
369,UPK_201,15.8,130.8,2.05e-09,3.95e+33,1914.0,1.73,4.31,344.732,61.648,0.143,32,-3.995,-3.376,1.061,NN,7.2,3.39,9.82,919.0,-314.0,863.0,26.0,8697.0,UPK 201,344.732,61.648,109.98962266342728,1.6364195638089147
370,UPK_38,14.5,57.7,1.27e-10,1.76e+32,910.3,1.4,6.49,280.829,-1.654,0.082,29,-1.102,-5.202,1.675,NN,7.16,2.09,8.9,601.0,518.0,305.0,11.0,7827.0,UPK 38,280.829,-1.654,30.533708562738823,1.0519191862993655
371,UPK_385,11.7,19.8,2.67e-12,1.02e+30,354.3,0.36,2.0,75.647,13.02,0.351,44,1.809,-3.484,3.133,NN,7.07,0.87,7.54,321.0,-304.0,-42.0,-94.0,8644.0,UPK 385,75.647,13.02,187.9520642414995,-17.08511277661793
372,UPK_398,10.7,56.8,1.2e-10,1.66e+32,897.5,1.03,1.96,85.994,7.021,0.272,44,-3.315,-1.714,2.176,NN,7.03,0.38,8.26,448.0,-416.0,-141.0,-89.0,8757.0,UPK 398,85.994,7.021,198.74626473186802,-11.56829410875235
373,UPK_402,7.2,27.9,9.27e-12,5.51e+30,478.2,1.08,1.81,87.515,2.822,0.189,47,-1.112,-1.917,2.385,NN,6.86,1.26,8.19,433.0,-389.0,-167.0,-92.0,8730.0,UPK 402,87.515,2.822,203.249608463683,-12.285023007131123
374,UPK_422,19.5,94.7,7.38e-10,1.3099999999999998e+33,1424.8,0.39,5.45,88.007,-7.543,0.74,113,0.187,-0.571,3.316,NN,7.29,0.26,7.35,295.0,-237.0,-154.0,-84.0,8578.0,UPK 422,88.007,-7.543,212.98917864794322,-16.61950948882364
375,UPK_436,25.7,337.2,4.51e-09,8.54e+33,4965.4,1.29,2.97,100.18,-8.126,0.544,98,-4.119,0.635,1.157,NN,7.41,0.23,9.64,845.0,-653.0,-528.0,-88.0,9009.0,UPK 436,100.18,-8.126,218.97561401122368,-6.064133517683491
376,UPK_445,12.9,116.6,1.43e-09,2.68e+33,1722.2,1.1,3.2,92.385,-15.03,0.294,58,-2.634,1.377,1.467,NN,7.11,0.7,9.11,663.0,-474.0,-426.0,-182.0,8824.0,UPK 445,92.385,-15.03,221.9506409373392,-15.932840782438843
377,UPK_599,19.5,151.9,3.24e-09,6.48e+33,2197.3,0.71,3.68,205.84,-38.576,0.711,87,-9.945,0.293,1.458,NN,7.29,0.1,9.07,652.0,416.0,-432.0,256.0,7935.0,UPK 599,205.8401,-38.576,313.9447377202433,23.18287693454994
378,UPK_607,15.5,118.0,1.48e-09,2.78e+33,1741.3,1.13,2.66,225.058,-57.148,0.147,37,-4.231,-3.245,1.049,NN,7.19,0.79,9.82,919.0,701.0,-594.0,23.0,7661.0,UPK 607,225.058,-57.148,319.7391138069795,1.4601713340644777
379,UPK_621,26.3,149.9,1.91e-09,3.6099999999999996e+33,2211.6,0.87,2.92,237.093,-54.403,0.42,49,-2.48,-3.105,1.122,NN,7.42,0.66,9.63,842.0,706.0,-459.0,0.0,7647.0,UPK 621,237.093,-54.403,326.88888182033537,0.023241930461290694
380,UPK_640,25.1,413.5,5.78e-09,1.1e+34,6078.2,0.35,3.62,250.26,-39.494,1.213,616,-11.973,-21.25,5.673,manual,7.4,0.4,6.21,174.0,166.0,-49.0,13.0,8173.0,UPK 640,250.2601,-39.4939,343.6402137558732,4.589481406434743
381,Waterloo_1,16.6,633.6,2.04e-08,4.29e+34,9023.4,2.4,6.29,64.682,52.863,0.065,47,0.492,-0.689,0.214,NN,7.22,2.6,13.35,4670.0,-4094.0,2243.0,146.0,12634.0,Cl Waterloo 1,64.682,52.863,151.27960141749003,1.7993244621415487
382,Westerlund_1,7.9,22227.1,0.000301,3.15e+38,299575.2,5.51,6.67,251.76,-45.852,0.023,308,-2.325,-3.654,0.252,tooRed,,,,,,,,,Cl Westerlund 1,251.76,-45.852,339.5458447800748,-0.4010286009115821
383,Westerlund_2,4.0,2172.3,2.61e-05,1.75e+37,27841.0,3.26,9.19,156.01,-57.758,0.02,168,-5.246,2.895,0.209,tooRed,,,,,,,,,Cl Westerlund 2,156.01,-57.758,284.2719602121996,-0.32809648773419
384,vdBergh_80,6.5,128.9,1.97e-09,3.8e+33,1887.3,1.35,5.61,97.739,-9.625,0.143,75,-3.298,0.418,1.025,NN,6.81,1.53,9.8,910.0,-696.0,-569.0,-140.0,9054.0,Cl VDB 80,97.739,-9.625,219.24741331254572,-8.890908416480578
385,vdBergh_85,4.4,127.0,1.89e-09,3.64e+33,1861.6,1.72,3.72,101.718,1.32,0.04,29,-1.0,0.328,0.552,NN,6.64,1.35,11.14,1690.0,-1445.0,-876.0,-12.0,9824.0,Cl VDB 85,101.718,1.32,211.23663267063213,-0.41371884465816033
386,vdBergh_92,7.8,363.3,4.08e-08,9.86e+34,4959.4,1.22,6.56,106.038,-11.475,0.112,168,-4.54,1.618,0.842,NN,6.89,1.27,10.38,1193.0,-849.0,-837.0,-50.0,9227.0,Cl VDB 92,106.038,-11.475,224.5866529292736,-2.4273470633135923
